Time,Device,Trip,Latitude,Longitude,Wiper,GPS_Speed,camera_rain,radar,gage,t_index,y_index,x_index
2014-06-28 19:56:00,10106,3265,42.27196137,-83.77640952,0.0,3.97754386,0.0,0.001,0.0,175,171,324
2014-06-28 19:57:00,10106,3265,42.27167011,-83.77697482,0.0,2.7026829269999997,0.0,0.001,0.0,175,171,323
2014-06-28 20:06:00,10106,3266,42.26720508,-83.76255281,0.0,1.668823529,1.0,0.028999999,0.0,177,167,337
2014-06-28 16:42:00,10125,1414,42.30065306,-84.02467544,0.0,3.061891892,0.0,0.0,0.0,129,200,75
2014-06-28 17:11:00,10125,1415,42.37922617,-84.06069867,0.0,3.69875,0.0,0.0,0.0,134,278,39
2014-06-28 20:18:00,10125,1417,42.28807931,-83.76069312,0.7333333329999999,10.27755551,1.0,0.017000001,0.048,180,187,339
2014-06-28 15:36:00,10132,2439,42.26334121,-83.70703562,0.0,3.6131967210000004,0.0,0.0,0.0,120,163,393
2014-06-28 17:33:00,10132,2440,42.27342598,-83.70011108,0.0,1.835641026,0.0,0.0,0.0,138,173,400
2014-06-28 17:34:00,10132,2440,42.27350276,-83.70004942,0.0,1.465,0.0,0.0,0.0,138,173,400
2014-06-28 20:20:00,10132,2441,42.26371082,-83.70710528,2.0,5.0603251789999995,1.0,0.030999999,0.0,180,163,393
2014-06-28 20:21:00,10132,2441,42.26364966,-83.70748448,2.0,1.68875,1.0,0.11699999900000001,0.0,181,163,393
2014-06-28 17:45:00,10134,1411,42.24410196,-83.69499198,0.0,1.70125,0.0,0.0,0.0,141,144,405
2014-06-28 18:10:00,10134,1412,42.24541729999999,-83.68178157,0.0,5.928092072,0.0,0.0,0.0,148,145,418
2014-06-28 19:04:00,10134,1414,42.23125328,-83.64448503,0.0,6.944117632,0.0,0.0,0.0,162,131,456
2014-06-28 20:15:00,10134,1416,42.2446299,-83.62872837,0.0,4.325526316,0.0,0.0,0.0,179,144,471
2014-06-28 00:33:00,10137,3387,42.30437408,-83.70802215,0.0,1.7575,0.0,0.0,0.0,3,204,392
2014-06-28 12:03:00,10148,2370,42.25337304,-83.62084691,0.0,15.84583915,0.0,0.0,0.0,98,153,479
2014-06-28 12:04:00,10148,2370,42.24776775,-83.61803596,0.0,9.831461146,0.0,0.0,0.0,98,147,482
2014-06-28 12:05:00,10148,2370,42.24399122,-83.61640186,0.0,10.167083300000002,0.0,0.0,0.0,98,144,484
2014-06-28 12:06:00,10148,2370,42.24279524,-83.61447591,0.0,3.982926805,0.0,0.0,0.0,98,142,486
2014-06-28 13:15:00,10148,2371,42.2429082,-83.61449382,0.0,3.8140277780000003,0.0,0.0,0.0,105,142,486
2014-06-28 13:16:00,10148,2371,42.2449151,-83.61464195,0.0,7.473109995,0.0,0.0,0.0,105,144,485
2014-06-28 13:17:00,10148,2371,42.245805600000004,-83.61774609,0.0,9.595855824,0.0,0.0,0.0,105,145,482
2014-06-28 13:18:00,10148,2371,42.2460008,-83.62542581,0.0,12.73379999,0.0,0.0,0.0,105,146,475
2014-06-28 13:19:00,10148,2371,42.24991548,-83.62926569,0.0,10.81510272,0.0,0.0,0.0,106,149,471
2014-06-28 13:20:00,10148,2371,42.25460293,-83.62935275,0.0,7.9577662920000005,0.0,0.0,0.0,106,154,471
2014-06-28 13:21:00,10148,2371,42.25502739,-83.6248321,0.0,11.45538093,0.0,0.0,0.0,106,155,475
2014-06-28 13:22:00,10148,2371,42.25579234,-83.62179495,0.0,5.85501804,0.0,0.0,0.0,106,155,478
2014-06-28 13:23:00,10148,2371,42.25657205,-83.62043082,0.0,2.130344828,0.0,0.0,0.0,106,156,480
2014-06-28 12:50:00,10150,2597,42.32033521,-83.71710781,0.0,11.84408507,0.0,0.0,0.0,103,220,383
2014-06-28 12:51:00,10150,2597,42.31720915,-83.71398279,0.0,13.16706665,0.0,0.0,0.0,103,216,386
2014-06-28 12:52:00,10150,2597,42.31458609,-83.70771459,0.0,14.15563333,0.0,0.0,0.0,103,214,392
2014-06-28 12:53:00,10150,2597,42.30680798,-83.70741354,0.0,13.24749141,0.0,0.0,0.0,103,206,393
2014-06-28 12:54:00,10150,2597,42.30339909,-83.70468724,0.0,10.19804874,0.0,0.0,0.0,103,203,395
2014-06-28 12:55:00,10150,2597,42.30026188,-83.70450823,0.0,15.75584699,0.0,0.0,0.0,103,200,395
2014-06-28 12:56:00,10150,2597,42.29545888,-83.70691002,0.0,12.35765567,0.0,0.0,0.0,103,195,393
2014-06-28 12:57:00,10150,2597,42.29308653,-83.71261137,0.0,9.581604885,0.0,0.0,0.0,103,192,387
2014-06-28 14:16:00,10150,2598,42.29451536,-83.70920498,0.0,11.66760478,0.0,0.0,0.0,111,194,391
2014-06-28 14:17:00,10150,2598,42.29604082,-83.70543609,0.0,12.33787399,0.0,0.0,0.0,111,195,395
2014-06-28 14:18:00,10150,2598,42.30286754,-83.70519982,0.0,14.93776666,0.0,0.0,0.0,112,202,395
2014-06-28 14:19:00,10150,2598,42.30915712,-83.70757089,0.0,14.2247,0.0,0.0,0.0,112,208,392
2014-06-28 14:20:00,10150,2598,42.31630726,-83.70839729,0.0,12.38093332,0.0,0.0,0.0,112,216,392
2014-06-28 14:21:00,10150,2598,42.31726265,-83.71461154,0.0,10.22216665,0.0,0.0,0.0,112,217,385
2014-06-28 14:22:00,10150,2598,42.32090274,-83.71651992,0.0,10.662550300000001,0.0,0.0,0.0,112,220,383
2014-06-28 14:23:00,10150,2598,42.32220594,-83.71342898,0.0,3.436171875,0.0,0.0,0.0,112,221,387
2014-06-28 00:16:00,10153,3244,42.23058705,-83.72014029,0.0,13.48377549,0.0,0.0,0.0,1,130,380
2014-06-28 00:17:00,10153,3244,42.22965209,-83.72873756,0.0,17.74356667,0.0,0.0,0.0,1,129,371
2014-06-28 00:18:00,10153,3244,42.22822165,-83.73785533,0.0,15.62354513,0.0,0.0,0.0,1,128,362
2014-06-28 00:19:00,10153,3244,42.21904307,-83.73461372,0.0,20.08030418,0.0,0.0,0.0,1,119,365
2014-06-28 00:20:00,10153,3244,42.20828939,-83.73364065,0.0,20.88651685,0.0,0.0,0.0,1,108,366
2014-06-28 00:21:00,10153,3244,42.19785545,-83.73334523,0.0,19.13709923,0.0,0.0,0.0,2,98,367
2014-06-28 00:22:00,10153,3244,42.18962082,-83.73305364,0.0,12.53506326,0.0,0.0,0.0,2,89,367
2014-06-28 00:23:00,10153,3244,42.189051,-83.72881612,0.0,14.45563908,0.0,0.0,0.0,2,89,371
2014-06-28 00:28:00,10153,3246,42.1857524,-83.72791225,0.0,13.5225,0.0,0.0,0.0,2,85,372
2014-06-28 00:29:00,10153,3246,42.18875207,-83.729005,0.0,13.293727599999999,0.0,0.0,0.0,2,88,371
2014-06-28 00:30:00,10153,3246,42.19108733,-83.73317515,0.0,14.69677851,0.0,0.0,0.0,2,91,367
2014-06-28 00:31:00,10153,3246,42.19948556,-83.73330588,0.0,15.145231299999999,0.0,0.0,0.0,3,99,367
2014-06-28 00:32:00,10153,3246,42.2080805,-83.73358784,0.0,18.24525597,0.0,0.0,0.0,3,108,366
2014-06-28 00:33:00,10153,3246,42.21826636,-83.73433687,0.0,19.73083333,0.0,0.0,0.0,3,118,366
2014-06-28 00:34:00,10153,3246,42.22709773,-83.73778661,0.0,13.51851448,0.0,0.0,0.0,3,127,362
2014-06-28 00:35:00,10153,3246,42.22952507,-83.73144761,0.0,16.55996441,0.0,0.0,0.0,3,129,369
2014-06-28 00:36:00,10153,3246,42.23022864,-83.72125327,0.0,14.14555133,0.0,0.0,0.0,3,130,379
2014-06-28 00:37:00,10153,3246,42.23636504,-83.71992674,0.0,14.66974074,0.0,0.0,0.0,3,136,380
2014-06-28 00:38:00,10153,3246,42.24127565,-83.72137967,0.0,7.341821532000001,0.0,0.0,0.0,3,141,379
2014-06-28 00:39:00,10153,3246,42.24187877,-83.72296851,0.0,2.068333333,0.0,0.0,0.0,3,141,377
2014-06-28 01:01:00,10153,3247,42.24481092,-83.72666933,0.0,9.798284299,0.0,0.0,0.0,6,144,373
2014-06-28 01:02:00,10153,3247,42.24417965,-83.73416968,0.0,14.00881294,0.0,0.0,0.0,6,144,366
2014-06-28 01:03:00,10153,3247,42.24401217,-83.73937018,0.0,9.88875,0.0,0.0,0.0,6,144,361
2014-06-28 01:04:00,10153,3247,42.24404209,-83.74577227,0.0,15.65284643,0.0,0.0,0.0,6,144,354
2014-06-28 01:05:00,10153,3247,42.2501516,-83.74954628,0.0,16.96249123,0.0,0.0,0.0,6,150,350
2014-06-28 01:06:00,10153,3247,42.256398700000005,-83.75035679999999,0.0,10.84082643,0.0,0.0,0.0,6,156,350
2014-06-28 01:07:00,10153,3247,42.26227228,-83.75017079,0.0,12.58716153,0.0,0.0,0.0,6,162,350
2014-06-28 01:08:00,10153,3247,42.26662592,-83.75025227,0.0,12.40263157,0.0,0.0,0.0,6,166,350
2014-06-28 01:09:00,10153,3247,42.268579100000004,-83.75088118,0.0,3.793963415,0.0,0.0,0.0,6,168,349
2014-06-28 01:10:00,10153,3247,42.26837117,-83.75056694,0.0,6.546296269,0.0,0.0,0.0,6,168,349
2014-06-28 01:11:00,10153,3247,42.26524759,-83.750052,0.0,9.996322306,0.0,0.0,0.0,6,165,350
2014-06-28 01:12:00,10153,3247,42.26324073,-83.74314326,0.0,15.49262238,0.0,0.0,0.0,6,163,357
2014-06-28 01:13:00,10153,3247,42.25942559,-83.73711690000002,0.0,11.67872725,0.0,0.0,0.0,6,159,363
2014-06-28 01:14:00,10153,3247,42.25216529,-83.73347475,0.0,15.73890845,0.0,0.0,0.0,7,152,367
2014-06-28 01:15:00,10153,3247,42.24544846,-83.72983302,0.0,11.61560282,0.0,0.0,0.0,7,145,370
2014-06-28 01:16:00,10153,3247,42.24372425,-83.7252112,0.0,9.219333267,0.0,0.0,0.0,7,143,375
2014-06-28 01:17:00,10153,3247,42.24189449,-83.72357905,0.0,4.265857143,0.0,0.0,0.0,7,141,376
2014-06-28 12:53:00,10153,3248,42.24971044,-83.72143388,0.0,14.66166667,0.0,0.0,0.0,103,149,379
2014-06-28 12:54:00,10153,3248,42.25353978,-83.72446205,0.0,15.39296667,0.0,0.0,0.0,103,153,376
2014-06-28 12:55:00,10153,3248,42.25942406,-83.72878708,0.0,10.19160193,0.0,0.0,0.0,103,159,371
2014-06-28 12:56:00,10153,3248,42.2608064,-83.72844511,0.0,11.51782946,0.0,0.0,0.0,103,160,372
2014-06-28 12:57:00,10153,3248,42.26135429,-83.72180369,0.0,11.66923325,0.0,0.0,0.0,103,161,378
2014-06-28 12:58:00,10153,3248,42.2642348,-83.71931601,0.0,6.866297826,0.0,0.0,0.0,103,164,381
2014-06-28 12:59:00,10153,3248,42.2665695,-83.72063948,0.0,9.116388854,0.0,0.0,0.0,103,166,379
2014-06-28 13:00:00,10153,3248,42.26712907,-83.72182616,0.0,4.364864865,0.0,0.0,0.0,104,167,378
2014-06-28 18:13:00,10153,3249,42.26553151,-83.71916959,0.0,12.7997131,0.0,0.0,0.0,149,165,381
2014-06-28 18:14:00,10153,3249,42.26099981,-83.71324875,0.0,13.70460732,0.0,0.0,0.0,149,160,387
2014-06-28 18:15:00,10153,3249,42.25951194,-83.71156471,0.0,7.517105158,0.0,0.0,0.0,149,159,388
2014-06-28 18:16:00,10153,3249,42.25861631,-83.70647609,0.0,14.61083609,0.0,0.0,0.0,150,158,394
2014-06-28 18:17:00,10153,3249,42.25502153,-83.70041561,0.0,11.07064515,0.0,0.0,0.0,150,155,400
2014-06-28 18:18:00,10153,3249,42.25045018,-83.70024488,0.0,10.74174998,0.0,0.0,0.0,150,150,400
2014-06-28 18:19:00,10153,3249,42.24629844,-83.70015446,0.0,11.82054053,0.0,0.0,0.0,150,146,400
2014-06-28 18:20:00,10153,3249,42.24509211,-83.69717805,0.0,15.06092485,0.0,0.0,0.0,151,145,403
2014-06-28 18:21:00,10153,3249,42.24526359,-83.68794291,0.0,14.01381356,0.0,0.0,0.0,151,145,412
2014-06-28 18:22:00,10153,3249,42.24539756,-83.68299794,0.0,6.649108228999999,0.0,0.0,0.0,151,145,417
2014-06-28 18:23:00,10153,3249,42.24414948,-83.68176144,0.0,3.86844697,0.0,0.0,0.0,152,144,418
2014-06-28 18:24:00,10153,3249,42.24303798,-83.68158922,0.0,2.171538462,0.0,0.0,0.0,152,143,418
2014-06-28 18:25:00,10153,3249,42.24290333,-83.68137707,0.0,1.4266666669999999,0.0,0.0,0.0,152,142,419
2014-06-28 18:41:00,10153,3250,42.2414812,-83.72176684,0.0,7.80849369,0.0,0.0,0.0,156,141,378
2014-06-28 18:42:00,10153,3250,42.24181795,-83.72296925,0.0,1.235,0.0,0.0,0.0,156,141,377
2014-06-28 21:46:00,10153,3251,42.24566012,-83.73023413,0.0,16.56888889,0.0,0.0,0.0,197,145,370
2014-06-28 21:47:00,10153,3251,42.25017253,-83.73235135,0.0,16.37855705,0.0,0.0,0.0,198,150,368
2014-06-28 21:48:00,10153,3251,42.25795441,-83.73652298,0.0,14.91921052,0.0,0.0,0.0,198,157,363
2014-06-28 21:49:00,10153,3251,42.2624419,-83.7400738,0.0,15.45042553,0.0,0.0,0.0,198,162,360
2014-06-28 21:50:00,10153,3251,42.26420949,-83.74760359,0.0,12.96160713,0.0,0.0,0.0,198,164,352
2014-06-28 21:51:00,10153,3251,42.26637928,-83.75019451,0.0,11.505050500000001,0.0,0.0,0.0,199,166,350
2014-06-28 21:52:00,10153,3251,42.27178099,-83.7496603,0.0,13.48594501,0.0,0.0,0.0,199,171,350
2014-06-28 21:53:00,10153,3251,42.27748915,-83.74905054,0.0,8.656529643999999,0.0,0.0,0.0,199,177,351
2014-06-28 21:54:00,10153,3251,42.27881677,-83.74977072,0.0,4.445897415,0.0,0.0,0.0,199,178,350
2014-06-28 23:42:00,10153,3252,42.27880155,-83.74948036,0.0,3.280952381,0.0,0.0,0.0,223,178,351
2014-06-28 23:43:00,10153,3252,42.27919585,-83.74946656,0.0,1.273695652,0.0,0.0,0.0,223,179,351
2014-06-28 23:44:00,10153,3252,42.27918202,-83.74953296,0.0,1.386428571,0.0,0.0,0.0,223,179,350
2014-06-28 23:45:00,10153,3252,42.27928179,-83.74970227,0.0,1.950384615,0.0,0.0,0.0,223,179,350
2014-06-28 23:46:00,10153,3252,42.27959944,-83.74946757,0.0,3.6459,0.0,0.0,0.0,223,179,351
2014-06-28 23:47:00,10153,3252,42.27962369,-83.74841817,0.0,3.1253731339999997,0.0,0.0,0.0,224,179,352
2014-06-28 23:48:00,10153,3252,42.27936226,-83.74673809,0.0,6.416927021,0.0,0.0,0.0,224,179,353
2014-06-28 23:49:00,10153,3252,42.27678383,-83.74616914,0.0,9.443316281,0.0,0.0,0.0,224,176,354
2014-06-28 23:50:00,10153,3252,42.27275139,-83.74270371,0.0,10.78523971,0.0,0.0,0.0,224,172,357
2014-06-28 23:51:00,10153,3252,42.26840308,-83.73796850000001,0.0,10.47226803,0.0,0.0,0.0,224,168,362
2014-06-28 23:52:00,10153,3252,42.26474837,-83.73402965,0.0,11.04299433,0.0,0.0,0.0,225,164,366
2014-06-28 23:53:00,10153,3252,42.26163095,-83.73075639,0.0,9.926355907,0.0,0.0,0.0,225,161,369
2014-06-28 23:54:00,10153,3252,42.25629861,-83.72676636,0.0,14.94713333,0.0,0.0,0.0,225,156,373
2014-06-28 23:55:00,10153,3252,42.24923418,-83.72150437,0.0,15.01856667,0.0,0.0,0.0,225,149,378
2014-06-28 23:56:00,10153,3252,42.24415057,-83.71847571,0.0,8.861622626,0.0,0.0,0.0,225,144,382
2014-06-28 15:46:00,10158,2161,42.25660516,-83.76904469,0.0,14.79891304,0.0,0.0,0.0,121,156,331
2014-06-28 15:47:00,10158,2161,42.25644857,-83.77378694,0.0,9.400413786,0.0,0.0,0.0,121,156,326
2014-06-28 15:48:00,10158,2161,42.25638051,-83.77499481,0.0,1.821428571,0.0,0.0,0.0,121,156,325
2014-06-28 15:49:00,10158,2161,42.256327899999995,-83.77556962,0.0,2.7926086960000003,0.0,0.0,0.0,121,156,324
2014-06-28 15:50:00,10158,2161,42.25630708,-83.77648470000001,0.0,6.604999919,0.0,0.0,0.0,121,156,324
2014-06-28 15:51:00,10158,2161,42.25625903,-83.7777536,0.0,5.70239576,0.0,0.0,0.0,121,156,322
2014-06-28 15:52:00,10158,2161,42.25623594,-83.77890934,0.0,6.3476922689999995,0.0,0.0,0.0,121,156,321
2014-06-28 15:53:00,10158,2161,42.25456161,-83.77970149,0.0,14.20911761,0.0,0.0,0.0,121,154,320
2014-06-28 15:54:00,10158,2161,42.25016321,-83.77323217,0.0,16.28887755,0.0,0.0,0.0,121,150,327
2014-06-28 15:55:00,10158,2161,42.24695712,-83.76823418,0.0,9.557815635,0.0,0.0,0.0,122,146,332
2014-06-28 15:56:00,10158,2161,42.24413413,-83.7677917,0.0,6.741025624,0.0,0.0,0.0,122,144,332
2014-06-28 16:15:00,10158,2162,42.24407052,-83.76891706,0.0,3.791566265,0.0,0.0,0.0,124,144,331
2014-06-28 16:16:00,10158,2162,42.24322598,-83.77001381,0.0,6.309328327999999,0.0,0.0,0.0,125,143,330
2014-06-28 16:17:00,10158,2162,42.24177324,-83.77102740000001,0.0,11.36894409,0.0,0.0,0.0,125,141,329
2014-06-28 16:18:00,10158,2162,42.23930549,-83.76874222,0.0,6.536929816000001,0.0,0.0,0.0,125,139,331
2014-06-28 16:19:00,10158,2162,42.23935177,-83.7674426,0.0,3.171677419,0.0,0.0,0.0,125,139,333
2014-06-28 16:48:00,10158,2163,42.23916528,-83.76856766,0.0,4.735,0.0,0.0,0.0,130,139,331
2014-06-28 16:49:00,10158,2163,42.23966427,-83.76941539,0.0,5.584601735,0.0,0.0,0.0,130,139,331
2014-06-28 16:50:00,10158,2163,42.24263747,-83.77096998,0.0,11.00618241,0.0,0.0,0.0,130,142,329
2014-06-28 16:51:00,10158,2163,42.24959247,-83.77232240000001,0.0,16.21117021,0.0,0.0,0.0,131,149,328
2014-06-28 16:52:00,10158,2163,42.25440288,-83.77908595,0.0,13.47471262,0.0,0.0,0.0,131,154,321
2014-06-28 16:53:00,10158,2163,42.25626173,-83.77776017,0.0,7.015421578,0.0,0.0,0.0,131,156,322
2014-06-28 16:55:00,10158,2163,42.25644327,-83.77191531,0.0,14.53456432,0.0,0.0,0.0,131,156,328
2014-06-28 16:56:00,10158,2163,42.258948100000005,-83.76668507,0.0,9.590123942,0.0,0.0,0.0,131,158,333
2014-06-28 16:57:00,10158,2163,42.26096492,-83.76855674,0.0,6.373684179,0.0,0.0,0.0,132,160,331
2014-06-28 19:31:00,10158,2164,42.2607736,-83.76600228,0.0,7.445647385,0.0,0.0,0.0,169,160,334
2014-06-28 19:32:00,10158,2164,42.26305219,-83.76303532,0.0,9.30769993,0.0,0.0,0.0,169,163,337
2014-06-28 19:33:00,10158,2164,42.26567718,-83.75862162,0.0,9.775269693,0.0,0.0,0.0,169,165,341
2014-06-28 19:34:00,10158,2164,42.26940734,-83.75831213,0.0,10.17404877,0.0,0.0,0.0,170,169,342
2014-06-28 19:35:00,10158,2164,42.27490397,-83.75846985,0.0,12.50325756,0.0,0.0,0.0,170,174,342
2014-06-28 19:36:00,10158,2164,42.27855379,-83.75512234,0.0,9.920491199999999,0.0,0.0,0.0,170,178,345
2014-06-28 19:37:00,10158,2164,42.2794415,-83.75110094,0.0,7.258160805,0.0,0.0,0.0,170,179,349
2014-06-28 19:38:00,10158,2164,42.279600200000004,-83.74956361,0.0,5.1056603769999995,0.0,0.006999999999999999,0.0,171,179,350
2014-06-28 19:39:00,10158,2164,42.27993468,-83.74858121,0.0,4.259020979,0.0,0.006999999999999999,0.0,171,179,351
2014-06-28 19:40:00,10158,2164,42.28109393,-83.74855433,0.0,4.800454485,0.0,0.006999999999999999,0.0,171,180,351
2014-06-28 19:41:00,10158,2164,42.28369041,-83.74850499,0.0,11.33232142,0.0,0.008,0.0,171,183,351
2014-06-28 19:42:00,10158,2164,42.29082437,-83.74720801,0.01369863,17.13157534,0.0,0.0,0.0,172,190,353
2014-06-28 19:43:00,10158,2164,42.3016419,-83.74546518,2.5582191780000003,25.49756849,0.5,0.029999999,0.0,172,201,355
2014-06-28 19:44:00,10158,2164,42.31591751,-83.73867503,1.474916388,30.71772575,0.5,0.009000000000000001,0.0,172,215,361
2014-06-28 19:45:00,10158,2164,42.32279377,-83.71925217,2.151515152,32.18535354,0.5,0.086000003,0.0,172,222,381
2014-06-28 19:46:00,10158,2164,42.32339342,-83.69636977,0.013793103000000001,32.08320689999999,0.0,0.005,0.0,172,223,404
2014-06-28 19:47:00,10158,2164,42.32505651,-83.67296538,0.0,32.31964844,0.0,0.0,0.0,173,224,427
2014-06-28 19:48:00,10158,2164,42.32552649,-83.65009004,0.0,31.67840989,0.0,0.0,0.0,173,225,450
2014-06-28 19:49:00,10158,2164,42.32869352,-83.62802157,0.0,32.46957198,0.0,0.0,0.0,173,228,472
2014-06-28 19:50:00,10158,2164,42.33828226,-83.60648301,0.0,34.46093385,0.0,0.0,0.0,173,237,494
2014-06-28 19:51:00,10158,2164,42.35118372,-83.59090285,0.0,33.13792388,0.0,0.0,0.0,174,250,509
2014-06-28 19:52:00,10158,2164,42.36079578,-83.57086478,0.0,33.83143836,0.0,0.0,0.0,174,260,529
2014-06-28 19:53:00,10158,2164,42.36710396,-83.54912307,0.0,30.60535117,0.0,0.0,0.0,174,266,551
2014-06-28 19:54:00,10158,2164,42.37712404,-83.53204935,0.0,31.94217687,0.0,0.0,0.0,174,276,568
2014-06-28 19:55:00,10158,2164,42.38215383,-83.51017692,0.0,34.9127,0.0,0.0,0.0,175,281,590
2014-06-28 19:56:00,10158,2164,42.38367213,-83.48472798,0.0,36.16833333,0.0,0.0,0.0,175,283,615
2014-06-28 19:57:00,10158,2164,42.38990486,-83.46218394,0.0,33.10636691,0.0,0.0,0.0,175,289,638
2014-06-28 19:58:00,10158,2164,42.38670079,-83.44465628,0.0,16.56722215,0.0,0.0,0.0,175,286,655
2014-06-28 19:59:00,10158,2164,42.38566721,-83.43647051,0.0,14.74625,0.0,0.0,0.0,176,285,664
2014-06-28 20:00:00,10158,2164,42.39249574,-83.43295922,0.0,28.14840741,0.0,0.0,0.0,176,292,667
2014-06-28 16:02:00,10159,4365,42.39816297,-83.64552772,0.0,21.20866667,0.0,0.0,0.0,122,297,454
2014-06-28 16:03:00,10159,4365,42.38660258,-83.64494275,0.0,21.35989831,0.0,0.0,0.0,122,286,455
2014-06-28 16:04:00,10159,4365,42.37573992,-83.649799,0.0,22.37434932,0.0,0.0,0.0,123,275,450
2014-06-28 16:05:00,10159,4365,42.36675351,-83.65549307,0.0,15.28553113,0.0,0.0,0.0,123,266,445
2014-06-28 16:06:00,10159,4365,42.36188389,-83.66195258,0.0,14.6376842,0.0,0.0,0.0,123,261,438
2014-06-28 16:07:00,10159,4365,42.3518071,-83.66229842,0.0,22.97087248,0.0,0.0,0.0,123,251,438
2014-06-28 16:08:00,10159,4365,42.339452200000004,-83.66227175,0.0,24.13003356,0.0,0.0,0.0,123,239,438
2014-06-28 16:09:00,10159,4365,42.32824762,-83.66168722,0.0,21.85767677,0.0,0.0,0.0,123,227,438
2014-06-28 16:10:00,10159,4365,42.31678419,-83.66142241,0.0,19.77956375,0.0,0.0,0.0,124,216,439
2014-06-28 16:11:00,10159,4365,42.31174737,-83.66637653,0.0,16.00617327,0.0,0.0,0.0,124,211,434
2014-06-28 16:12:00,10159,4365,42.30967009,-83.67642388,0.0,16.16784552,0.0,0.0,0.0,124,209,424
2014-06-28 16:13:00,10159,4365,42.3067395,-83.68671378,0.0,13.87936394,0.0,0.0,0.0,124,206,413
2014-06-28 16:14:00,10159,4365,42.30485124,-83.69148840000001,0.0,3.953728223,0.0,0.0,0.0,124,204,409
2014-06-28 16:15:00,10159,4365,42.30492731,-83.69201882,0.0,3.2401369860000004,0.0,0.0,0.0,124,204,408
2014-06-28 16:16:00,10159,4365,42.30472729,-83.69150771,0.0,3.22540146,0.0,0.0,0.0,125,204,408
2014-06-28 16:17:00,10159,4365,42.30506703,-83.68992525,0.0,9.191782926,0.0,0.0,0.0,125,204,410
2014-06-28 16:18:00,10159,4365,42.29691567,-83.68445659,0.0,27.69773649,0.0,0.0,0.0,125,196,416
2014-06-28 16:19:00,10159,4365,42.28250918,-83.67672718,0.0,30.36459732,0.0,0.0,0.0,125,182,423
2014-06-28 16:20:00,10159,4365,42.26675635,-83.67819887,0.0,29.32350168,0.0,0.0,0.0,125,166,422
2014-06-28 16:21:00,10159,4365,42.25326683,-83.683926,0.0,27.414707899999996,0.0,0.0,0.0,125,153,416
2014-06-28 16:22:00,10159,4365,42.23797527,-83.68495311,0.0,29.19662162,0.0,0.0,0.0,126,138,415
2014-06-28 16:23:00,10159,4365,42.222179,-83.68550053,0.0,29.03318493,0.0,0.0,0.0,126,122,414
2014-06-28 16:24:00,10159,4365,42.20674743,-83.68517371,0.0,28.28517241,0.0,0.0,0.0,126,106,415
2014-06-28 16:25:00,10159,4365,42.19139072,-83.68482987,0.0,29.6773913,0.0,0.0,0.0,126,91,415
2014-06-28 16:26:00,10159,4365,42.17465186,-83.68471875,0.0,31.91647887,0.0,0.0,0.0,126,74,415
2014-06-28 16:27:00,10159,4365,42.157198,-83.68421412,0.0,31.921932199999997,0.0,0.0,0.0,127,57,416
2014-06-28 16:28:00,10159,4365,42.14004298,-83.68360784,0.0,31.93036667,0.0,0.0,0.0,127,40,416
2014-06-28 16:29:00,10159,4365,42.12271461,-83.68299022,0.0,31.92098305,0.0,0.0,0.0,127,23,417
2014-06-28 16:30:00,10159,4365,42.10592662,-83.68060825,0.0,31.87862319,0.0,0.0,0.0,127,6,419
2014-06-28 21:44:00,10159,4367,42.11256015,-83.68218991,0.0,30.26271739,0.0,0.0,0.0,197,13,418
2014-06-28 21:45:00,10159,4367,42.12869144,-83.68285095,0.0,29.92940559,0.0,0.0,0.0,197,29,417
2014-06-28 21:46:00,10159,4367,42.14477476,-83.68342583,0.0,30.24791667,0.0,0.0,0.0,197,45,417
2014-06-28 21:47:00,10159,4367,42.16158755,-83.68402227,0.0,31.18696864,0.0,0.0,0.0,198,61,416
2014-06-28 21:48:00,10159,4367,42.17835843,-83.68439043,0.0,30.74508711,0.0,0.0,0.0,198,78,416
2014-06-28 21:49:00,10159,4367,42.19503775,-83.68457132,0.0,31.16683099,0.0,0.0,0.0,198,95,415
2014-06-28 21:50:00,10159,4367,42.21133485,-83.68491732,0.0,27.50664311,0.0,0.0,0.0,198,111,415
2014-06-28 21:51:00,10159,4367,42.22536734,-83.68521739,0.0,27.72137037,0.0,0.0,0.0,199,125,415
2014-06-28 21:52:00,10159,4367,42.24075205,-83.68423842,0.0,27.94307143,0.0,0.0,0.0,199,140,416
2014-06-28 21:53:00,10159,4367,42.25360513,-83.68310547,0.0,19.16815094,0.0,0.0,0.0,199,153,417
2014-06-28 21:54:00,10159,4367,42.25534242,-83.68624651,0.0,8.711028741,0.0,0.0,0.0,199,155,414
2014-06-28 21:55:00,10159,4367,42.25749501,-83.68734668,0.0,3.862682927,0.0,0.0,0.0,200,157,413
2014-06-28 22:15:00,10159,4368,42.25803971,-83.68742296,0.0,4.083424658,0.0,0.0,0.0,203,158,413
2014-06-28 22:16:00,10159,4368,42.25789288,-83.689285,0.0,4.506722408,0.0,0.0,0.0,203,157,411
2014-06-28 22:17:00,10159,4368,42.25633667,-83.69090946,0.0,6.377794107000001,0.0,0.0,0.0,204,156,409
2014-06-28 22:18:00,10159,4368,42.25689553,-83.69629871,0.0,10.40167221,0.0,0.0,0.0,204,156,404
2014-06-28 22:19:00,10159,4368,42.2588876,-83.70692324,0.0,18.296067800000003,0.0,0.0,0.0,204,158,393
2014-06-28 22:20:00,10159,4368,42.26407187,-83.71731666,0.0,17.30216312,0.0,0.0,0.0,204,164,383
2014-06-28 22:21:00,10159,4368,42.26916279,-83.72382086,0.0,14.762079199999999,0.0,0.0,0.0,205,169,376
2014-06-28 22:22:00,10159,4368,42.27407844,-83.73007648,0.0,11.5142379,0.0,0.0,0.0,205,173,370
2014-06-28 22:23:00,10159,4368,42.27701907,-83.73352503,0.0,6.947666642000001,0.0,0.0,0.0,205,176,366
2014-06-28 22:24:00,10159,4368,42.27865981,-83.73640388,0.0,4.465395179,0.0,0.0,0.0,205,178,364
2014-06-28 22:25:00,10159,4368,42.27951809,-83.73705303,0.0,3.048095238,0.0,0.0,0.0,205,179,363
2014-06-28 23:00:00,10159,4369,42.28011094,-83.7370943,0.0,3.875454545,0.0,0.0,0.0,212,180,363
2014-06-28 23:01:00,10159,4369,42.28125945,-83.73948469,0.0,8.97649997,0.0,0.0,0.0,212,181,361
2014-06-28 23:02:00,10159,4369,42.28138239,-83.74481813,0.0,6.004367306000001,0.0,0.0,0.0,213,181,355
2014-06-28 23:03:00,10159,4369,42.28235198,-83.74824388,0.0,7.00929998,0.0,0.0,0.0,213,182,352
2014-06-28 23:04:00,10159,4369,42.28538903,-83.74819033,0.0,8.821042626,0.0,0.0,0.0,213,185,352
2014-06-28 23:05:00,10159,4369,42.29089644,-83.74709805,0.0,14.123804699999999,0.0,0.0,0.0,213,190,353
2014-06-28 23:06:00,10159,4369,42.30004171,-83.74596858,0.0,19.11858108,0.0,0.0,0.0,213,199,354
2014-06-28 23:07:00,10159,4369,42.30429077,-83.74471612,0.0,9.780513675,0.0,0.0,0.0,213,204,355
2014-06-28 23:08:00,10159,4369,42.31056762,-83.74652576,0.0,19.28156667,0.0,0.0,0.0,214,210,353
2014-06-28 23:09:00,10159,4369,42.32194405,-83.74780681,0.0,22.16013333,0.0,0.0,0.0,214,221,352
2014-06-28 23:10:00,10159,4369,42.3301271,-83.74769369,0.0,16.560302,0.0,0.0,0.0,214,229,352
2014-06-28 23:11:00,10159,4369,42.33078706,-83.73645125,0.0,12.80996632,0.0,0.0,0.0,215,230,364
2014-06-28 23:12:00,10159,4369,42.33267657,-83.72875519,0.0,16.67526515,0.0,0.0,0.0,215,232,371
2014-06-28 23:13:00,10159,4369,42.33941195,-83.71617245,0.0,24.32723333,0.0,0.0,0.0,215,239,384
2014-06-28 23:14:00,10159,4369,42.34624046,-83.70100968,0.0,24.77076667,0.0,0.0,0.0,216,245,399
2014-06-28 23:15:00,10159,4369,42.35291218,-83.68559749,0.0,23.9816,0.0,0.0,0.0,216,252,414
2014-06-28 23:16:00,10159,4369,42.35892395,-83.67118836,0.0,21.58713333,0.0,0.0,0.0,216,258,429
2014-06-28 23:17:00,10159,4369,42.36366891,-83.66068567,0.0,12.07470381,0.0,0.0,0.0,217,263,439
2014-06-28 23:18:00,10159,4369,42.36917112,-83.65333886,0.0,20.12915825,0.0,0.0,0.0,217,268,447
2014-06-28 23:19:00,10159,4369,42.379825,-83.64734975,0.0,22.45665552,0.0,0.0,0.0,217,279,453
2014-06-28 23:20:00,10159,4369,42.39125399,-83.64508198,0.0,21.91718121,0.0,0.0,0.0,217,290,455
2014-06-28 23:20:00,10160,2304,42.20300619,-83.58535543,0.0,17.89831775,0.0,0.0,0.0,217,103,515
2014-06-28 23:21:00,10160,2304,42.20310375,-83.59896282,0.0,23.07133333,0.0,0.0,0.0,217,103,501
2014-06-28 23:22:00,10160,2304,42.2044649,-83.6115699,0.0,18.803468,0.0,0.0,0.0,218,104,488
2014-06-28 23:23:00,10160,2304,42.21122787,-83.61916067,0.0,12.65751675,0.0,0.0,0.0,218,111,481
2014-06-28 23:24:00,10160,2304,42.21266789,-83.62050298,0.0,3.807948718,0.0,0.0,0.0,218,112,479
2014-06-28 23:48:00,10160,2305,42.21256456,-83.62031367,0.0,2.186551724,0.0,0.0,0.0,224,112,480
2014-06-28 23:49:00,10160,2305,42.21181435,-83.61959581,0.0,9.436334637,0.0,0.0,0.0,224,111,480
2014-06-28 23:50:00,10160,2305,42.20617387,-83.61392959,0.0,19.35451178,0.0,0.0,0.0,224,106,486
2014-06-28 23:51:00,10160,2305,42.20257665,-83.60585083,0.0,17.09552631,0.0,0.0,0.0,224,102,494
2014-06-28 23:52:00,10160,2305,42.20308708,-83.59093044,0.0,22.35962963,0.0,0.0,0.0,225,103,509
2014-06-28 23:53:00,10160,2305,42.20298534,-83.57625988,0.0,15.59114477,0.0,0.0,0.0,225,103,524
2014-06-28 23:54:00,10160,2305,42.20381938,-83.57294251,0.0,1.4368181819999999,0.0,0.0,0.0,225,103,527
2014-06-28 19:23:00,10173,968,42.25948636,-83.71129408,0.0,6.533618971,0.0,0.0,0.0,167,159,389
2014-06-28 19:24:00,10173,968,42.25872957,-83.70678927,0.0,11.80802013,0.0,0.0,0.0,167,158,393
2014-06-28 19:25:00,10173,968,42.25732218,-83.69867519,0.0,12.74129032,0.0,0.0,0.0,167,157,401
2014-06-28 19:26:00,10173,968,42.25618541,-83.69332723,0.0,10.14481353,0.0,0.0,0.0,168,156,407
2014-06-28 19:27:00,10173,968,42.25288268,-83.68602023,0.0,20.04676667,0.0,0.0,0.0,168,152,414
2014-06-28 19:28:00,10173,968,42.23838304,-83.68486246,0.0,32.3129,0.0,0.0,0.0,168,138,415
2014-06-28 19:29:00,10173,968,42.22103164,-83.68548827,0.0,32.45423333,0.0,0.0,0.0,168,121,415
2014-06-28 19:30:00,10173,968,42.20297662,-83.685092,0.0,34.14426667,0.0,0.0,0.0,169,103,415
2014-06-28 19:31:00,10173,968,42.18426043,-83.68477826,0.0,35.11063333,0.0,0.0,0.0,169,84,415
2014-06-28 19:32:00,10173,968,42.16524858,-83.68450251,0.0,35.25233333,0.0,0.0,0.0,169,65,415
2014-06-28 19:33:00,10173,968,42.14618673,-83.68383085,0.0,35.30923333,0.0,0.0,0.0,169,46,416
2014-06-28 19:34:00,10173,968,42.12712178,-83.68312442,0.0,35.3712,0.0,0.0,0.0,170,27,417
2014-06-28 19:35:00,10173,968,42.10864702,-83.68155421,0.0,34.21936667,0.0,0.0,0.0,170,9,418
2014-06-28 03:51:00,10176,2239,42.27986719,-83.74478914,0.0,8.059022518999999,0.0,0.0,0.0,22,179,355
2014-06-28 03:52:00,10176,2239,42.28475128,-83.74364947,0.0,14.5228,0.0,0.0,0.0,22,184,356
2014-06-28 03:53:00,10176,2239,42.29003071,-83.73827188,0.0,11.40623036,0.0,0.0,0.0,22,189,362
2014-06-28 03:54:00,10176,2239,42.29539212,-83.73177296,0.0,18.75558528,0.0,0.0,0.0,23,195,368
2014-06-28 03:55:00,10176,2239,42.29852541,-83.72171422,0.0,13.85722602,0.0,0.0,0.0,23,198,378
2014-06-28 03:56:00,10176,2239,42.30131208,-83.71207252,0.0,17.19288591,0.0,0.0,0.0,23,201,388
2014-06-28 03:57:00,10176,2239,42.30021159,-83.70462952,0.0,12.71298181,0.0,0.0,0.0,23,200,395
2014-06-28 03:58:00,10176,2239,42.29757151,-83.69981645,0.0,14.04494983,0.0,0.0,0.0,23,197,400
2014-06-28 03:59:00,10176,2239,42.29682537,-83.6919855,0.0,8.29055169,0.0,0.0,0.0,23,196,408
2014-06-28 04:00:00,10176,2239,42.296082899999995,-83.68811521,0.0,6.986923056,0.0,0.0,0.0,23,195,412
2014-06-28 17:05:00,10176,2240,42.29517261,-83.70288936,0.0,10.21984251,0.0,0.0,0.0,133,195,397
2014-06-28 17:06:00,10176,2240,42.29286807,-83.70483952,0.0,14.48456,0.0,0.0,0.0,133,192,395
2014-06-28 17:07:00,10176,2240,42.28784731,-83.70723199,0.0,13.01877253,0.0,0.0,0.0,133,187,393
2014-06-28 17:08:00,10176,2240,42.28745744,-83.71659767,0.0,14.92861953,0.0,0.0,0.0,134,187,383
2014-06-28 17:09:00,10176,2240,42.28698709,-83.72804599,0.0,15.72105691,0.0,0.0,0.0,134,186,372
2014-06-28 17:11:00,10176,2240,42.28599173,-83.73392147,0.0,9.3247857,0.0,0.0,0.0,134,185,366
2014-06-28 17:12:00,10176,2240,42.28605024,-83.73891523,0.0,10.23078122,0.0,0.0,0.0,134,185,361
2014-06-28 17:13:00,10176,2240,42.28379335,-83.74144506,0.0,7.61170205,0.0,0.0,0.0,134,183,359
2014-06-28 17:14:00,10176,2240,42.28301714,-83.74380678,0.0,3.6325287360000003,0.0,0.0,0.0,135,182,356
2014-06-28 17:15:00,10176,2240,42.28335638,-83.74623583,0.0,5.2592445969999995,0.0,0.0,0.0,135,183,354
2014-06-28 17:16:00,10176,2240,42.28563258,-83.74702134,0.0,5.103262712,0.0,0.0,0.0,135,185,353
2014-06-28 17:17:00,10176,2240,42.28682665,-83.74674235,0.0,1.41,0.0,0.0,0.0,135,186,353
2014-06-28 17:39:00,10176,2242,42.28678158,-83.73948648,0.0,12.23554006,0.0,0.0,0.0,139,186,361
2014-06-28 17:40:00,10176,2242,42.28591914,-83.73383142,0.0,8.036009596,0.0,0.0,0.0,139,185,366
2014-06-28 17:41:00,10176,2242,42.28692336,-83.72696578,0.0,13.35517372,0.0,0.0,0.0,140,186,373
2014-06-28 17:42:00,10176,2242,42.28731214,-83.71772587,0.0,15.18006849,0.0,0.0,0.0,140,187,382
2014-06-28 17:43:00,10176,2242,42.28757021,-83.70960121,0.0,13.33630434,0.0,0.0,0.0,140,187,390
2014-06-28 17:44:00,10176,2242,42.288050899999995,-83.70385936,0.0,11.89505117,0.0,0.0,0.0,140,187,396
2014-06-28 17:45:00,10176,2242,42.29410385,-83.70383774,0.0,13.92969348,0.0,0.0,0.0,141,193,396
2014-06-28 17:46:00,10176,2242,42.29505365,-83.69644178,0.0,12.48165955,0.0,0.0,0.0,141,194,404
2014-06-28 17:47:00,10176,2242,42.29614857,-83.69059820000001,0.0,9.849049399,0.0,0.0,0.0,141,195,409
2014-06-28 17:48:00,10176,2242,42.29602119,-83.68720916,0.0,2.575208333,0.0,0.0,0.0,141,195,413
2014-06-28 19:54:00,10176,2243,42.30346974,-83.69253633,0.049586777,14.27619835,1.0,0.112000003,0.0,174,203,407
2014-06-28 19:55:00,10176,2243,42.30576481,-83.69239769,0.0,7.115376301,1.0,0.006999999999999999,0.0,175,205,408
2014-06-28 20:05:00,10176,2244,42.3022191,-83.69267733,0.0,16.32004384,0.0,0.0,0.0,177,202,407
2014-06-28 20:06:00,10176,2244,42.29338731,-83.69245878,0.0,18.47402027,0.0,0.0,0.0,177,193,408
2014-06-28 20:07:00,10176,2244,42.2880944,-83.68828698,0.0,13.89118242,0.0,0.0,0.0,177,187,412
2014-06-28 20:08:00,10176,2244,42.28423668,-83.68239975,0.0,16.32743333,0.0,0.0,0.0,178,184,418
2014-06-28 20:09:00,10176,2244,42.2757455,-83.68135286,0.0,14.62346798,0.0,0.0,0.0,178,175,419
2014-06-28 20:10:00,10176,2244,42.27414192,-83.67408792,0.0,12.53913041,0.0,0.0,0.0,178,174,426
2014-06-28 20:11:00,10176,2244,42.27021767,-83.67024489,0.0,13.94049079,0.0,0.0,0.0,178,170,430
2014-06-28 20:12:00,10176,2244,42.26679756,-83.66711207,0.0,12.9672857,0.0,0.0,0.0,179,166,433
2014-06-28 20:13:00,10176,2244,42.26587754,-83.66367156,0.0,5.083053892,0.0,0.0,0.0,179,165,436
2014-06-28 21:07:00,10176,2245,42.2707219,-83.67043668,1.0,19.34347305,1.0,0.037999999,0.07200000000000001,190,170,430
2014-06-28 21:08:00,10176,2245,42.27435354,-83.67424139,1.615384615,11.30959861,1.0,0.028000001,0.0,190,174,426
2014-06-28 21:09:00,10176,2245,42.27616267,-83.68145277,2.0,13.98258389,1.0,0.07,0.0,190,176,419
2014-06-28 21:10:00,10176,2245,42.28376309,-83.68231341,2.0,14.79511785,1.0,0.022000000000000002,0.0,191,183,418
2014-06-28 21:11:00,10176,2245,42.28827613,-83.68660273,1.831081081,13.8954054,1.0,0.056000002,0.0,191,188,413
2014-06-28 21:12:00,10176,2245,42.29159483,-83.68891535,1.0,9.200309247,1.0,0.043000000999999996,0.0,191,191,411
2014-06-28 21:13:00,10176,2245,42.29557356,-83.68788797,1.0,7.48193875,1.0,0.008,0.0,191,195,412
2014-06-28 15:12:00,10177,4359,42.23847393,-83.63800645,0.0,15.51282609,0.0,0.0,0.0,117,138,462
2014-06-28 15:13:00,10177,4359,42.236610600000006,-83.64351402,0.0,14.27171596,0.0,0.0,0.0,117,136,456
2014-06-28 15:14:00,10177,4359,42.2347971,-83.64571176,0.0,14.01161015,0.0,0.0,0.0,117,134,454
2014-06-28 15:15:00,10177,4359,42.23094272,-83.64657315,0.0,14.05923332,0.0,0.0,0.0,117,131,453
2014-06-28 15:16:00,10177,4359,42.23036807,-83.65730393,0.0,14.57685617,0.0,0.0,0.0,118,130,443
2014-06-28 15:17:00,10177,4359,42.23050866,-83.66868024,0.0,18.84040956,0.0,0.0,0.0,118,130,431
2014-06-28 15:18:00,10177,4359,42.23080525,-83.67781407,0.0,10.23523177,0.0,0.0,0.0,118,130,422
2014-06-28 15:19:00,10177,4359,42.23324722,-83.68002797,0.0,12.84007782,0.0,0.0,0.0,118,133,420
2014-06-28 15:20:00,10177,4359,42.23927288,-83.68028167,0.0,10.24710525,0.0,0.0,0.0,118,139,420
2014-06-28 15:21:00,10177,4359,42.24193499,-83.68074438,0.0,3.595945946,0.0,0.0,0.0,118,141,419
2014-06-28 15:25:00,10177,4360,42.241563,-83.68182468,0.0,2.9262376239999996,0.0,0.0,0.0,119,141,418
2014-06-28 15:26:00,10177,4360,42.24141906,-83.68161018,0.0,2.614705882,0.0,0.0,0.0,119,141,418
2014-06-28 15:38:00,10177,4361,42.24311513,-83.68172158,0.0,2.102068966,0.0,0.0,0.0,120,143,418
2014-06-28 15:39:00,10177,4361,42.24322447,-83.68136476,0.0,3.5229411760000002,0.0,0.0,0.0,120,143,419
2014-06-28 15:51:00,10177,4362,42.24527444,-83.68184745,0.0,3.088285714,0.0,0.0,0.0,121,145,418
2014-06-28 15:52:00,10177,4362,42.24542036,-83.68142906,0.0,3.7510280369999998,0.0,0.0,0.0,121,145,419
2014-06-28 15:53:00,10177,4362,42.24392971,-83.68051324,0.0,9.105833296,0.0,0.0,0.0,121,143,419
2014-06-28 15:54:00,10177,4362,42.23836088,-83.68034087,0.0,13.25406664,0.0,0.0,0.0,121,138,420
2014-06-28 15:55:00,10177,4362,42.232120200000004,-83.68003024,0.0,11.5038961,0.0,0.0,0.0,122,132,420
2014-06-28 15:56:00,10177,4362,42.2305523,-83.67340371,0.0,14.86830882,0.0,0.0,0.0,122,130,427
2014-06-28 15:57:00,10177,4362,42.23027985,-83.66182838,0.0,20.06538983,0.0,0.0,0.0,122,130,438
2014-06-28 15:58:00,10177,4362,42.23045053,-83.65008839,0.0,13.22403291,0.0,0.0,0.0,122,130,450
2014-06-28 15:59:00,10177,4362,42.23056123,-83.64502538,0.0,9.43307691,0.0,0.0,0.0,122,130,455
2014-06-28 16:00:00,10177,4362,42.2340561,-83.64496291,0.0,14.32817567,0.0,0.0,0.0,122,134,455
2014-06-28 16:01:00,10177,4362,42.23817931,-83.63897305,0.0,12.83306818,0.0,0.0,0.0,122,138,461
2014-06-28 16:02:00,10177,4362,42.24001528,-83.63339998,0.0,7.731162752,0.0,0.0,0.0,122,140,467
2014-06-28 16:03:00,10177,4362,42.24182647,-83.62935046,0.0,8.005959556,0.0,0.0,0.0,122,141,471
2014-06-28 16:04:00,10177,4362,42.24447423,-83.62854294,0.0,5.306912725,0.0,0.0,0.0,123,144,471
2014-06-28 17:06:00,10177,4365,42.24530928,-83.6277077,0.0,10.39623075,0.0,0.0,0.0,133,145,472
2014-06-28 17:07:00,10177,4365,42.24629823,-83.62908103,0.0,9.15451063,0.0,0.0,0.0,133,146,471
2014-06-28 17:08:00,10177,4365,42.24729522,-83.63684402,0.0,15.248085099999999,0.0,0.0,0.0,134,147,463
2014-06-28 17:09:00,10177,4365,42.24870239,-83.64761756,0.0,14.80532203,0.0,0.0,0.0,134,148,452
2014-06-28 17:10:00,10177,4365,42.24992431,-83.65764594,0.0,10.30580536,0.0,0.0,0.0,134,149,442
2014-06-28 17:11:00,10177,4365,42.25011821,-83.6604339,0.0,4.10375,0.0,0.0,0.0,134,150,440
2014-06-28 17:12:00,10177,4365,42.25108644,-83.66558088,0.0,15.65763888,0.0,0.0,0.0,134,151,434
2014-06-28 17:13:00,10177,4365,42.2532666,-83.67659521,0.0,15.71205128,0.0,0.0,0.0,134,153,423
2014-06-28 17:14:00,10177,4365,42.25531016,-83.68188461,0.0,13.46228856,0.0,0.0,0.0,135,155,418
2014-06-28 17:15:00,10177,4365,42.26429177,-83.67919577,0.0,29.2664,0.0,0.0,0.0,135,164,421
2014-06-28 17:16:00,10177,4365,42.27403447,-83.67555599,0.0,12.26372012,0.0,0.0,0.0,135,173,424
2014-06-28 17:17:00,10177,4365,42.275408,-83.68132136,0.0,10.27937006,0.0,0.0,0.0,135,175,419
2014-06-28 17:18:00,10177,4365,42.27708493,-83.68077048,0.0,4.652967033,0.0,0.0,0.0,135,176,419
2014-06-28 21:25:00,10177,4366,42.27744472,-83.67990854,0.0,2.104444444,0.0,0.0,0.0,193,177,420
2014-06-28 21:26:00,10177,4366,42.27677769,-83.68144171,0.0,5.668455272,0.0,0.0,0.0,193,176,419
2014-06-28 21:27:00,10177,4366,42.27458869,-83.67971022,0.0,11.03199997,0.0,0.0,0.0,193,174,420
2014-06-28 21:28:00,10177,4366,42.27428428,-83.67271197,0.0,8.82836203,0.0,0.0,0.0,193,174,427
2014-06-28 21:29:00,10177,4366,42.27601414,-83.66404605,0.0,18.0930038,0.0,0.0,0.0,193,175,436
2014-06-28 21:30:00,10177,4366,42.27886259,-83.65112582,0.0,18.91818182,0.0,0.0,0.0,194,178,449
2014-06-28 21:31:00,10177,4366,42.27676261,-83.6394128,0.0,15.44163043,0.0,0.0,0.0,194,176,461
2014-06-28 21:32:00,10177,4366,42.26882663,-83.63748485,0.0,18.3581,0.0,0.0,0.0,194,168,463
2014-06-28 21:33:00,10177,4366,42.26057771,-83.63850457,0.0,12.1172696,0.0,0.0,0.0,194,160,461
2014-06-28 21:34:00,10177,4366,42.2567355,-83.63437719,0.0,12.37230494,0.0,0.0,0.0,195,156,466
2014-06-28 21:35:00,10177,4366,42.25373578,-83.62948362,0.0,8.656476466,0.0,0.0,0.0,195,153,471
2014-06-28 21:36:00,10177,4366,42.2490576,-83.62930165,0.0,9.397536188,0.0,0.0,0.0,195,149,471
2014-06-28 21:37:00,10177,4366,42.24595388,-83.62717524,0.0,10.13548717,0.0,0.0,0.0,195,145,473
2014-06-28 21:38:00,10177,4366,42.24416129,-83.62071081,0.0,11.13362006,0.0,0.0,0.0,196,144,479
2014-06-28 21:39:00,10177,4366,42.24375943,-83.6147561,0.0,7.2686311329999995,0.0,0.0,0.0,196,143,485
2014-06-28 21:40:00,10177,4366,42.24582739,-83.6113735,0.0,7.826551682000001,0.0,0.0,0.0,196,145,489
2014-06-28 21:41:00,10177,4366,42.24654479,-83.61021194,0.0,5.1379532160000005,0.0,0.0,0.0,196,146,490
2014-06-28 21:42:00,10177,4366,42.24599027,-83.60991526,0.0,4.204928571,0.0,0.0,0.0,196,146,490
2014-06-28 22:48:00,10177,4367,42.24586939,-83.61317295,0.0,7.566041646,0.0,0.0,0.0,210,145,487
2014-06-28 22:49:00,10177,4367,42.2458645,-83.6171442,0.0,10.08587233,0.0,0.0,0.0,210,145,483
2014-06-28 22:50:00,10177,4367,42.24567199,-83.62302574,0.0,9.385232067999999,0.0,0.0,0.0,210,145,477
2014-06-28 22:51:00,10177,4367,42.24478167,-83.62589784,0.0,7.430056083999999,0.0,0.0,0.0,211,144,474
2014-06-28 22:53:00,10177,4367,42.24499934,-83.62866709,0.0,4.7316589680000005,0.0,0.0,0.0,211,145,471
2014-06-28 22:54:00,10177,4367,42.24528335,-83.63331307,0.0,8.312448949,0.0,0.0,0.0,211,145,467
2014-06-28 22:55:00,10177,4367,42.24523919,-83.64228178,0.0,13.54929999,0.0,0.0,0.0,211,145,458
2014-06-28 22:56:00,10177,4367,42.24510438,-83.65198028,0.0,15.99029739,0.0,0.0,0.0,212,145,448
2014-06-28 22:57:00,10177,4367,42.24503243,-83.66408423,0.0,18.25189003,0.0,0.0,0.0,212,145,436
2014-06-28 22:58:00,10177,4367,42.24537414,-83.67627362,0.0,14.96205021,0.0,0.0,0.0,212,145,424
2014-06-28 23:00:00,10177,4367,42.24502949,-83.68039312,0.0,8.9653636,0.0,0.0,0.0,212,145,420
2014-06-28 23:01:00,10177,4367,42.24324058,-83.68124766,0.0,4.75046931,0.0,0.0,0.0,212,143,419
2014-06-28 23:02:00,10177,4367,42.24322112,-83.68150878,0.0,1.4180000000000001,0.0,0.0,0.0,213,143,418
2014-06-28 23:20:00,10177,4368,42.24083098,-83.68113668,0.0,20.36468749,0.0,0.0,0.0,217,140,419
2014-06-28 23:21:00,10177,4368,42.23533118,-83.68029333,0.0,14.103502300000002,0.0,0.0,0.0,217,135,420
2014-06-28 23:22:00,10177,4368,42.23139754,-83.68015443,0.0,8.927647059,0.0,0.0,0.0,218,131,420
2014-06-28 23:23:00,10177,4368,42.23070297,-83.6773283,0.0,15.09005207,0.0,0.0,0.0,218,130,423
2014-06-28 23:24:00,10177,4368,42.23032493,-83.6658699,0.0,18.903527399999998,0.0,0.0,0.0,218,130,434
2014-06-28 23:25:00,10177,4368,42.23037616,-83.652578,0.0,16.98903114,0.0,0.0,0.0,218,130,447
2014-06-28 23:26:00,10177,4368,42.2305439,-83.64540035,0.0,10.33298847,0.0,0.0,0.0,218,130,455
2014-06-28 23:27:00,10177,4368,42.2319861,-83.64468286,0.0,12.25455496,0.0,0.0,0.0,219,132,455
2014-06-28 23:28:00,10177,4368,42.23644315,-83.64375940000001,0.0,12.8466782,0.0,0.0,0.0,219,136,456
2014-06-28 23:29:00,10177,4368,42.23941325,-83.63529792,0.0,10.20993331,0.0,0.0,0.0,219,139,465
2014-06-28 23:30:00,10177,4368,42.2409398,-83.63022328,0.0,6.316959419,0.0,0.0,0.0,220,140,470
2014-06-28 23:31:00,10177,4368,42.24368002,-83.62875997,0.0,5.321551714,0.0,0.0,0.0,220,143,471
2014-06-28 23:32:00,10177,4368,42.24465853,-83.62789525,0.0,1.275,0.0,0.0,0.0,220,144,472
2014-06-28 01:16:00,10224,1149,42.25978802,-83.65977051,0.0,10.65780219,0.0,0.0,0.0,7,159,440
2014-06-28 01:17:00,10224,1149,42.2649835,-83.66341259999999,0.0,19.32068966,0.0,0.0,0.0,7,164,437
2014-06-28 01:18:00,10224,1149,42.27134385,-83.67044992,0.0,18.43890804,0.0,0.0,0.0,7,171,430
2014-06-28 01:19:00,10224,1149,42.27436466,-83.67334665,0.0,10.68759798,0.0,0.0,0.0,7,174,427
2014-06-28 01:20:00,10224,1149,42.27494987,-83.67988278,0.0,12.41250833,0.0,0.0,0.0,7,174,420
2014-06-28 01:21:00,10224,1149,42.28088031,-83.68225119,0.0,15.09183946,0.0,0.0,0.0,7,180,418
2014-06-28 01:22:00,10224,1149,42.28769658,-83.68317066,0.0,12.77776556,0.0,0.0,0.0,7,187,417
2014-06-28 01:23:00,10224,1149,42.2889435,-83.69119673,0.0,15.04514705,0.0,0.0,0.0,7,188,409
2014-06-28 01:24:00,10224,1149,42.29687282,-83.69250944,0.0,18.14427586,0.0,0.0,0.0,7,196,407
2014-06-28 01:25:00,10224,1149,42.30419411,-83.69323386,0.0,14.21403139,0.0,0.0,0.0,7,204,407
2014-06-28 01:26:00,10224,1149,42.30306291,-83.70177736,0.0,18.26664032,0.0,0.0,0.0,7,202,398
2014-06-28 01:27:00,10224,1149,42.30248789,-83.70936109,0.0,14.80972603,0.0,0.0,0.0,7,202,391
2014-06-28 01:28:00,10224,1149,42.29981284,-83.71609175,0.0,14.26972028,0.0,0.0,0.0,7,199,384
2014-06-28 01:29:00,10224,1149,42.29819815,-83.72630468,0.0,16.51922535,0.0,0.0,0.0,8,198,374
2014-06-28 01:30:00,10224,1149,42.29864626,-83.73245719,0.0,10.51172161,0.0,0.0,0.0,8,198,368
2014-06-28 01:31:00,10224,1149,42.30048592,-83.73593638,0.0,7.947368411,0.0,0.0,0.0,8,200,364
2014-06-28 01:32:00,10224,1149,42.30227644,-83.74092697,0.0,11.37041522,0.0,0.0,0.0,8,202,359
2014-06-28 01:33:00,10224,1149,42.30595597,-83.7461508,0.0,13.26284281,0.0,0.0,0.0,8,205,354
2014-06-28 01:34:00,10224,1149,42.31364231,-83.74651822,0.0,13.52661921,0.0,0.0,0.0,8,213,353
2014-06-28 01:35:00,10224,1149,42.31399415,-83.74654601,0.0,14.344031,0.0,0.0,0.0,8,213,353
2014-06-28 01:36:00,10224,1149,42.30607964,-83.74652719,0.0,13.587625,0.0,0.0,0.0,8,205,353
2014-06-28 02:13:00,10224,1150,42.30799487,-83.74652906,0.0,15.89367347,0.0,0.0,0.0,11,207,353
2014-06-28 02:14:00,10224,1150,42.31333721,-83.74651315,0.0,17.76046823,0.0,0.0,0.0,11,213,353
2014-06-28 02:15:00,10224,1150,42.32331907,-83.74815968,0.0,17.9711,0.0,0.0,0.0,11,223,352
2014-06-28 02:16:00,10224,1150,42.32746470000001,-83.75172038,0.0,8.371167876,0.0,0.0,0.0,11,227,348
2014-06-28 02:50:00,10224,1151,42.32396228,-83.74848890000001,0.0,16.92843511,0.0,0.0,0.0,15,223,352
2014-06-28 02:51:00,10224,1151,42.31413828,-83.74666045,0.0,21.12663333,0.0,0.0,0.0,15,213,353
2014-06-28 02:52:00,10224,1151,42.304336,-83.74523590000001,0.0,13.83256666,0.0,0.0,0.0,15,204,355
2014-06-28 02:53:00,10224,1151,42.30127282,-83.73831424,0.0,13.1613,0.0,0.0,0.0,15,201,362
2014-06-28 02:54:00,10224,1151,42.29794359,-83.73183793,0.0,9.866533317,0.0,0.0,0.0,15,197,368
2014-06-28 02:55:00,10224,1151,42.29824727,-83.72470200000001,0.0,16.22253332,0.0,0.0,0.0,15,198,375
2014-06-28 02:56:00,10224,1151,42.29548311,-83.7185754,0.0,11.12747291,0.0,0.0,0.0,16,195,381
2014-06-28 02:57:00,10224,1151,42.29576418,-83.71133901,0.0,11.98617241,0.0,0.0,0.0,16,195,389
2014-06-28 02:58:00,10224,1151,42.29529913,-83.70396893,0.0,10.28461016,0.0,0.0,0.0,16,195,396
2014-06-28 02:59:00,10224,1151,42.29497482,-83.69535818,0.0,13.21869231,0.0,0.0,0.0,16,194,405
2014-06-28 03:00:00,10224,1151,42.2899277,-83.69228879,0.0,13.26840678,0.0,0.0,0.0,16,189,408
2014-06-28 03:01:00,10224,1151,42.28813946,-83.68561209999999,0.0,12.61856163,0.0,0.0,0.0,16,188,414
2014-06-28 03:02:00,10224,1151,42.28260586,-83.68237373,0.0,17.95590106,0.0,0.0,0.0,16,182,418
2014-06-28 03:03:00,10224,1151,42.27494473,-83.68068608,0.0,12.8272183,0.0,0.0,0.0,16,174,419
2014-06-28 03:04:00,10224,1151,42.27392839,-83.6729252,0.0,12.9590877,0.0,0.0,0.0,16,173,427
2014-06-28 03:05:00,10224,1151,42.26738895,-83.66715451,0.0,20.16674497,0.0,0.0,0.0,16,167,433
2014-06-28 03:06:00,10224,1151,42.26134363,-83.66062472,0.0,14.56355261,0.0,0.0,0.0,17,161,439
2014-06-28 03:07:00,10224,1151,42.25937169,-83.65874493,0.0,9.631619711,0.0,0.0,0.0,17,159,441
2014-06-28 03:08:00,10224,1151,42.258641299999994,-83.65784620000001,0.0,4.196320755,0.0,0.0,0.0,17,158,442
2014-06-28 15:58:00,10224,1152,42.25917925,-83.65863247,0.0,8.273601682,0.0,0.0,0.0,122,159,441
2014-06-28 15:59:00,10224,1152,42.261835,-83.66049737,0.0,16.25059907,0.0,0.0,0.0,122,161,440
2014-06-28 16:00:00,10224,1152,42.26554639,-83.66418775,0.0,12.93494999,0.0,0.0,0.0,122,165,436
2014-06-28 16:01:00,10224,1152,42.27046013,-83.66999789,0.0,17.28828244,0.0,0.0,0.0,122,170,430
2014-06-28 16:02:00,10224,1152,42.27441105,-83.67429811,0.0,12.04737555,0.0,0.0,0.0,122,174,426
2014-06-28 16:03:00,10224,1152,42.27569515,-83.6809286,0.0,14.01911289,0.0,0.0,0.0,122,175,419
2014-06-28 16:04:00,10224,1152,42.28403177,-83.68227964,0.0,17.32579136,0.0,0.0,0.0,123,183,418
2014-06-28 16:05:00,10224,1152,42.28817478,-83.68817726,0.0,13.97262589,0.0,0.0,0.0,123,188,412
2014-06-28 16:06:00,10224,1152,42.29320394,-83.69243214,0.0,17.63294521,0.0,0.0,0.0,123,193,408
2014-06-28 16:07:00,10224,1152,42.301939000000004,-83.69247288,0.0,12.54143859,0.0,0.0,0.0,123,201,408
2014-06-28 09:03:00,10580,1708,42.27648114,-83.73148695,0.0,10.92922779,0.0,0.0,0.0,68,176,369
2014-06-28 09:04:00,10580,1708,42.27081074,-83.72601217,0.0,19.07186667,0.0,0.0,0.0,68,170,374
2014-06-28 09:05:00,10580,1708,42.26349763,-83.71670073,0.0,18.40773333,0.0,0.0,0.0,68,163,383
2014-06-28 09:06:00,10580,1708,42.25846178,-83.70466529999999,0.0,21.2512,0.0,0.0,0.0,68,158,395
2014-06-28 09:07:00,10580,1708,42.25652256,-83.69418385,0.0,10.49556448,0.0,0.0,0.0,68,156,406
2014-06-28 09:08:00,10580,1708,42.25705558,-83.69157015,0.0,2.740300752,0.0,0.0,0.0,69,157,408
2014-06-28 09:09:00,10580,1708,42.25716548,-83.69111356,0.0,2.09754386,0.0,0.0,0.0,69,157,409
2014-06-28 18:39:00,10580,1709,42.256061100000004,-83.69241041,0.0,4.392333313,0.0,0.0,0.0,156,156,408
2014-06-28 18:47:00,10580,1710,42.25671943,-83.69361404,0.0,1.094166667,0.0,0.0,0.0,157,156,406
2014-06-28 18:48:00,10580,1710,42.25643981,-83.69444383,0.0,4.817272712,0.0,0.0,0.024,158,156,406
2014-06-28 18:49:00,10580,1710,42.25665704,-83.69522682,0.0,4.6206122039999995,0.0,0.0,0.048,158,156,405
2014-06-28 18:50:00,10580,1710,42.25743603,-83.69887834,0.0,16.4549289,0.0,0.0,0.07200000000000001,158,157,401
2014-06-28 18:51:00,10580,1710,42.26042506,-83.71118398,0.0,22.30547529,0.0,0.0,0.0,158,160,389
2014-06-28 18:52:00,10580,1710,42.26675349,-83.72075854,0.0,15.47357842,0.0,0.0,0.0,159,166,379
2014-06-28 18:53:00,10580,1710,42.27242815,-83.7279712,0.0,17.10249084,0.0,0.0,0.0,159,172,372
2014-06-28 18:54:00,10580,1710,42.27705782,-83.73133917,0.0,8.916009151,0.0,0.0,0.0,159,176,369
2014-06-28 18:55:00,10580,1710,42.28072386,-83.73043834,0.0,7.176703659,0.0,0.0,0.0,159,180,370
2014-06-28 18:56:00,10580,1710,42.28121752,-83.72898182,0.0,2.564054054,0.0,0.0,0.0,160,181,371
2014-06-28 00:56:00,10586,1668,42.26708555,-83.75460993,0.0,4.628705882,0.0,0.0,0.0,5,167,345
2014-06-28 00:57:00,10586,1668,42.26821149,-83.75525533,0.0,7.970945264,0.0,0.0,0.0,5,168,345
2014-06-28 00:58:00,10586,1668,42.2713219,-83.75825713,0.0,14.37396666,0.0,0.0,0.0,5,171,342
2014-06-28 00:59:00,10586,1668,42.27733188,-83.75845892,0.0,10.25721588,0.0,0.0,0.0,5,177,342
2014-06-28 01:00:00,10586,1668,42.28105041,-83.75741448,0.0,11.93369997,0.0,0.0,0.0,6,180,343
2014-06-28 01:01:00,10586,1668,42.28146256,-83.75037343,0.0,10.06105468,0.0,0.0,0.0,6,181,350
2014-06-28 01:02:00,10586,1668,42.28133106,-83.74568074,0.0,9.25421766,0.0,0.0,0.0,6,181,354
2014-06-28 01:03:00,10586,1668,42.28233262,-83.74381184,0.0,7.722249962999999,0.0,0.0,0.0,6,182,356
2014-06-28 01:04:00,10586,1668,42.28676584,-83.74217902,0.0,14.34719063,0.0,0.0,0.0,6,186,358
2014-06-28 01:05:00,10586,1668,42.2916955,-83.73650482,0.0,14.76996078,0.0,0.0,0.0,6,191,363
2014-06-28 01:06:00,10586,1668,42.29631893,-83.73035315,0.0,13.53687203,0.0,0.0,0.0,6,196,370
2014-06-28 01:07:00,10586,1668,42.29850133,-83.72261057,0.0,15.80608108,0.0,0.0,0.0,6,198,377
2014-06-28 01:08:00,10586,1668,42.30102718,-83.71295268,0.0,15.67641379,0.0,0.0,0.0,6,200,387
2014-06-28 01:09:00,10586,1668,42.30248035,-83.70679265,0.0,6.5861110620000005,0.0,0.0,0.0,6,202,393
2014-06-28 01:10:00,10586,1668,42.30281752,-83.70192437,0.0,14.96327272,0.0,0.0,0.0,6,202,398
2014-06-28 01:11:00,10586,1668,42.30356852,-83.69369316,0.0,15.7136434,0.0,0.0,0.0,6,203,406
2014-06-28 01:12:00,10586,1668,42.29588257,-83.69243322,0.0,15.60899653,0.0,0.0,0.0,6,195,408
2014-06-28 01:13:00,10586,1668,42.29358894,-83.68796557,0.0,8.320272027,0.0,0.0,0.0,6,193,412
2014-06-28 01:14:00,10586,1668,42.29495094,-83.68680117,0.0,2.53,0.0,0.0,0.0,7,194,413
2014-06-28 20:45:00,10586,1670,42.2949429,-83.6870775,3.0,1.09,1.0,0.001,0.0,186,194,413
2014-06-28 20:46:00,10586,1670,42.29378581,-83.68794381,3.0,9.673333315,1.0,0.001,0.0,186,193,412
2014-06-28 20:47:00,10586,1670,42.29596033,-83.69240754,3.0,15.01562711,1.0,0.001,0.0,186,195,408
2014-06-28 20:48:00,10586,1670,42.30379236,-83.69244406,3.0,13.53792792,1.0,0.002,0.0,186,203,408
2014-06-28 20:49:00,10586,1670,42.30168999,-83.68766179,3.0,24.63394264,1.0,0.002,0.0,186,201,412
2014-06-28 20:50:00,10586,1670,42.28716957,-83.67812468,3.0,33.16391003,1.0,0.001,0.0,186,187,422
2014-06-28 20:51:00,10586,1670,42.26965159,-83.67714666,3.0,32.75201465,1.0,0.223000005,0.48,187,169,423
2014-06-28 20:52:00,10586,1670,42.25500235,-83.68377125,2.011583012,28.54019305,1.0,0.536000013,0.36,187,154,416
2014-06-28 20:53:00,10586,1670,42.24054189,-83.6847011,2.0,25.03146617,1.0,0.38600000700000003,0.72,187,140,415
2014-06-28 20:54:00,10586,1670,42.22800507,-83.68609486,2.0,20.97278008,1.0,0.21600000600000002,0.8640000000000001,187,128,414
2014-06-28 20:55:00,10586,1670,42.22484794,-83.67896341,2.0,26.66850746,1.0,0.089000002,1.008,188,124,421
2014-06-28 20:56:00,10586,1670,42.22430993,-83.65754297,2.0,31.49765217,1.0,0.030999999,0.0,188,124,442
2014-06-28 20:57:00,10586,1670,42.22491126,-83.63540344,2.0,30.22683983,1.0,0.041999999,0.0,188,124,465
2014-06-28 20:58:00,10586,1670,42.22894915,-83.61598679,2.0,22.76265217,1.0,0.606000006,0.024,188,129,484
2014-06-28 20:59:00,10586,1670,42.23131983,-83.60037038,2.0,22.42543307,1.0,0.016000001,0.048,189,131,500
2014-06-28 21:00:00,10586,1670,42.23096139,-83.58297635,2.0,27.212984499999997,1.0,0.009000000000000001,0.0,189,131,517
2014-06-28 21:01:00,10586,1670,42.22209151,-83.5648285,1.7509578540000001,33.55448276,1.0,0.0,0.002666667,189,122,535
2014-06-28 00:03:00,10587,2095,42.25609357,-83.70041922,0.0,9.489202877,0.0,0.0,0.0,0,156,400
2014-06-28 00:04:00,10587,2095,42.25725182,-83.69825487,0.0,11.41066036,0.0,0.0,0.0,0,157,402
2014-06-28 00:05:00,10587,2095,42.2616727,-83.69412611,0.0,19.1137,0.0,0.0,0.0,0,161,406
2014-06-28 00:06:00,10587,2095,42.27039595,-83.69770242,0.0,18.69723333,0.0,0.0,0.0,0,170,402
2014-06-28 00:07:00,10587,2095,42.27671551,-83.69878661,0.0,10.21766128,0.0,0.0,0.0,0,176,401
2014-06-28 00:08:00,10587,2095,42.28197216,-83.70038437,0.0,18.86618729,0.0,0.0,0.0,0,181,400
2014-06-28 00:09:00,10587,2095,42.29220627,-83.70449581,0.0,19.0727,0.0,0.0,0.0,0,192,396
2014-06-28 00:10:00,10587,2095,42.30003542,-83.70426048,0.0,12.02451611,0.0,0.0,0.0,0,199,396
2014-06-28 00:11:00,10587,2095,42.30325024,-83.70111257,0.0,11.78606616,0.0,0.0,0.0,1,203,399
2014-06-28 00:12:00,10587,2095,42.30894407,-83.69874908,0.0,12.00765516,0.0,0.0,0.0,1,208,401
2014-06-28 00:13:00,10587,2095,42.31420885,-83.69861561,0.0,8.637469384,0.0,0.0,0.0,1,213,401
2014-06-28 20:37:00,10603,1016,42.30517573,-83.87732221,0.0,14.33442028,1.0,0.0,0.0,184,204,223
2014-06-28 20:38:00,10603,1016,42.31203211,-83.88119787,0.0,23.9107,1.0,0.0,0.0,185,211,219
2014-06-28 20:39:00,10603,1016,42.32296914,-83.88648635,0.0,17.20439999,1.0,0.012,0.0,185,222,214
2014-06-28 20:40:00,10603,1016,42.33099621,-83.88723634,0.013513513999999999,14.9875,1.0,0.012,0.0,185,230,213
2014-06-28 20:41:00,10603,1016,42.33658133,-83.88626666,0.028169014,9.504295754,1.0,0.015,0.0,185,236,214
2014-06-28 20:42:00,10603,1016,42.339566600000005,-83.88212798,1.7247386759999999,13.90735192,1.0,0.013000000000000001,0.0,185,239,218
2014-06-28 20:43:00,10603,1016,42.34658066,-83.87494455,3.0,17.78554745,1.0,0.027000001000000003,0.0,185,246,225
2014-06-28 20:44:00,10603,1016,42.35682541,-83.87242697,3.0,24.69870036,1.0,0.009000000000000001,0.0,186,256,228
2014-06-28 20:45:00,10603,1016,42.3710912,-83.87290648,3.0,27.16327869,1.0,0.012,0.0,186,270,227
2014-06-28 20:46:00,10603,1016,42.3810221,-83.87462696,3.0,13.57658652,1.0,0.006,0.0,186,280,225
2014-06-28 22:28:00,10603,1017,42.38116203,-83.87359327,0.0,8.721594188,0.0,0.0,0.0,206,280,226
2014-06-28 22:29:00,10603,1017,42.37429185,-83.87314073,0.0,21.32216667,0.0,0.0,0.0,206,273,227
2014-06-28 22:30:00,10603,1017,42.36219076,-83.87270081,0.0,22.7496,0.0,0.0,0.0,206,261,227
2014-06-28 22:31:00,10603,1017,42.35027301,-83.87305717,0.0,20.75435374,0.0,0.0,0.0,206,249,227
2014-06-28 22:32:00,10603,1017,42.34222934,-83.87963675,0.0,15.80499999,0.0,0.0,0.0,207,241,220
2014-06-28 22:33:00,10603,1017,42.33975277,-83.88558691,0.0,11.30778686,0.0,0.0,0.0,207,239,214
2014-06-28 22:34:00,10603,1017,42.33691115,-83.88777599,0.0,9.742813658,0.0,0.0,0.0,207,236,212
2014-06-28 22:35:00,10603,1017,42.32994749,-83.88738234,0.0,14.4394052,0.0,0.0,0.0,207,229,213
2014-06-28 22:36:00,10603,1017,42.32117323,-83.88607125,0.0,19.46364548,0.0,0.0,0.0,207,220,214
2014-06-28 22:37:00,10603,1017,42.31109399,-83.88058736,0.0,20.075202700000002,0.0,0.0,0.0,207,210,219
2014-06-28 22:38:00,10603,1017,42.30508999,-83.87396052,0.0,15.96712838,0.0,0.0,0.0,208,204,226
2014-06-28 22:39:00,10603,1017,42.30507423,-83.86274853,0.0,14.79006689,0.0,0.0,0.0,208,204,237
2014-06-28 22:40:00,10603,1017,42.30514503,-83.85533103,0.0,7.470505051,0.0,0.0,0.0,208,204,245
2014-06-28 22:41:00,10603,1017,42.30465875,-83.85453355,0.0,1.035,0.0,0.0,0.0,208,204,245
2014-06-28 00:39:00,10612,1490,42.38909193,-83.44089179,0.0,29.97586207,0.0,0.0,0.0,3,288,659
2014-06-28 00:40:00,10612,1490,42.39014286,-83.46177905,0.0,32.24297491,0.0,0.0,0.0,4,289,638
2014-06-28 00:41:00,10612,1490,42.38441141,-83.48183964,0.0,32.63237037,0.0,0.0,0.0,4,283,618
2014-06-28 00:42:00,10612,1490,42.38260128,-83.50543357,0.0,32.67744526,0.0,0.0,0.0,4,282,595
2014-06-28 00:43:00,10612,1490,42.37988074,-83.52768871,0.0,32.48035842,0.0,0.0,0.0,4,279,572
2014-06-28 00:44:00,10612,1490,42.36888858,-83.5455643,0.0,33.03289199,0.0,0.0,0.0,4,268,554
2014-06-28 00:45:00,10612,1490,42.36189053,-83.56821643,0.0,33.69856667,0.0,0.0,0.0,4,261,532
2014-06-28 00:46:00,10612,1490,42.35348175,-83.58878912,0.0,34.15484536,0.0,0.0,0.0,4,253,511
2014-06-28 00:47:00,10612,1490,42.33968573,-83.60464619,0.0,35.26672862,0.0,0.0,0.0,4,239,495
2014-06-28 00:48:00,10612,1490,42.32979741,-83.62602079,0.0,32.93309917,0.0,0.0,0.0,4,229,474
2014-06-28 00:49:00,10612,1490,42.32580232,-83.64916735,0.0,31.97447273,0.0,0.0,0.0,4,225,451
2014-06-28 00:50:00,10612,1490,42.32538596,-83.67163172,0.0,31.38897611,0.0,0.0,0.0,5,225,428
2014-06-28 00:51:00,10612,1490,42.32095358,-83.68857394,0.0,27.89455882,0.0,0.0,0.0,5,220,411
2014-06-28 00:52:00,10612,1490,42.30831479,-83.68894728,0.0,18.1525092,0.0,0.0,0.0,5,208,411
2014-06-28 00:53:00,10612,1490,42.30385483,-83.69766341,0.0,18.20391941,0.0,0.0,0.0,5,203,402
2014-06-28 00:54:00,10612,1490,42.30456665,-83.70656189,0.0,12.12710526,0.0,0.0,0.0,5,204,393
2014-06-28 00:55:00,10612,1490,42.30866373,-83.71452265,0.0,12.93272396,0.0,0.0,0.0,5,208,385
2014-06-28 00:56:00,10612,1490,42.31240492,-83.71666741,0.0,7.337875414,0.0,0.0,0.0,5,212,383
2014-06-28 00:57:00,10612,1490,42.31389963,-83.71681102,0.0,1.8176315790000002,0.0,0.0,0.0,5,213,383
2014-06-28 14:43:00,10612,1491,42.31076334,-83.71273192,0.0,2.71,0.0,0.0,0.0,114,210,387
2014-06-28 14:44:00,10612,1491,42.31068870000001,-83.71263209,0.0,2.71,0.0,0.0,0.0,114,210,387
2014-06-28 15:29:00,10612,1492,42.31076066,-83.71545034,0.0,10.15851187,0.0,0.0,0.0,119,210,385
2014-06-28 15:30:00,10612,1492,42.31291228,-83.71661829,0.0,7.008282405,0.0,0.0,0.0,119,212,383
2014-06-28 00:36:00,10616,577,42.28883491,-83.73753588,0.0,5.788843243,0.0,0.0,0.0,3,188,362
2014-06-28 00:37:00,10616,577,42.29308536,-83.73495843,0.0,15.87113333,0.0,0.0,0.0,3,192,365
2014-06-28 00:38:00,10616,577,42.29823468,-83.72609254,0.0,15.72603333,0.0,0.0,0.0,3,198,374
2014-06-28 00:39:00,10616,577,42.29626475,-83.72460307,0.0,11.50931651,0.0,0.0,0.0,3,196,375
2014-06-28 00:40:00,10616,577,42.29510293,-83.72491204,0.0,3.995087719,0.0,0.0,0.0,4,194,375
2014-06-28 02:08:00,10616,578,42.29351645,-83.72437955,0.0,8.231815021000001,0.0,0.0,0.0,11,193,376
2014-06-28 02:09:00,10616,578,42.29216174,-83.71932013,0.0,9.301696081000001,0.0,0.0,0.0,11,192,381
2014-06-28 02:10:00,10616,578,42.2902861,-83.71547408,0.0,8.192399952999999,0.0,0.0,0.0,11,190,385
2014-06-28 02:11:00,10616,578,42.29041906,-83.71411677,0.0,4.183984375,0.0,0.0,0.0,11,190,386
2014-06-28 04:53:00,10616,579,42.29279627,-83.71878149,0.0,9.105232543,0.0,0.0,0.0,30,192,381
2014-06-28 04:54:00,10616,579,42.29457444,-83.72142757,0.0,8.548399943,0.0,0.0,0.0,30,194,379
2014-06-28 04:55:00,10616,579,42.29448405,-83.72546739,0.0,7.598063045,0.0,0.0,0.0,30,194,375
2014-06-28 13:06:00,10616,580,42.29443584,-83.72572396,0.0,7.5740103539999994,0.0,0.0,0.0,104,194,374
2014-06-28 13:07:00,10616,580,42.29289983,-83.72151398,0.0,9.73683332,0.0,0.0,0.0,104,192,378
2014-06-28 13:08:00,10616,580,42.29066614,-83.71748876,0.0,9.352205813,0.0,0.0,0.0,104,190,383
2014-06-28 17:08:00,10616,581,42.29239296,-83.71867586,0.0,10.95139735,0.0,0.0,0.0,134,192,381
2014-06-28 17:09:00,10616,581,42.29440382,-83.72228935,0.0,10.63613969,0.0,0.0,0.0,134,194,378
2014-06-28 17:10:00,10616,581,42.29477308,-83.72570105,0.0,9.637744346,0.0,0.0,0.0,134,194,374
2014-06-28 18:57:00,10616,582,42.29367289,-83.72516633,0.0,10.15099998,0.0,0.0,0.0,160,193,375
2014-06-28 18:58:00,10616,582,42.2927744,-83.72106339,0.0,8.882402812999999,0.0,0.0,0.0,160,192,379
2014-06-28 18:59:00,10616,582,42.28996758,-83.71909664,0.0,10.91242955,0.0,0.0,0.0,161,189,381
2014-06-28 19:00:00,10616,582,42.28720097,-83.72417016,0.0,15.27554422,0.0,0.0,0.0,161,187,376
2014-06-28 19:01:00,10616,582,42.28664115,-83.73154983,0.0,7.90453779,0.0,0.0,0.0,161,186,368
2014-06-28 19:02:00,10616,582,42.28548124,-83.73065489,0.0,7.165773144,0.0,0.0,0.0,161,185,369
2014-06-28 19:03:00,10616,582,42.28315313,-83.72702176,0.0,10.05206638,0.0,0.0,0.0,162,183,373
2014-06-28 19:04:00,10616,582,42.28128668,-83.73010776,0.0,9.9506842,0.0,0.0,0.0,162,181,370
2014-06-28 19:05:00,10616,582,42.27801682,-83.73041114,0.0,10.17573472,0.0,0.0,0.0,162,177,370
2014-06-28 19:06:00,10616,582,42.27555186,-83.72488152,0.0,8.349295732,0.0,0.0,0.0,162,175,375
2014-06-28 19:07:00,10616,582,42.2744401,-83.72331209999999,0.0,2.229620853,0.0,0.0,0.0,163,174,377
2014-06-28 19:08:00,10616,582,42.27493671,-83.72320245,0.0,1.862946429,0.0,0.0,0.0,163,174,377
2014-06-28 21:54:00,10616,583,42.27508759,-83.72335369,0.0,1.3464406780000002,0.0,0.0,0.0,199,175,377
2014-06-28 21:57:00,10616,584,42.27510425,-83.72177791,0.0,8.310344808,0.0,0.0,0.0,200,175,378
2014-06-28 21:58:00,10616,584,42.27353801,-83.71405152,0.0,13.32870849,0.0,0.0,0.0,200,173,386
2014-06-28 21:59:00,10616,584,42.27355626,-83.70488333,0.0,12.74229927,0.0,0.0,0.0,200,173,395
2014-06-28 22:00:00,10616,584,42.27366435,-83.69854221,0.0,12.0083582,0.0,0.0,0.0,200,173,401
2014-06-28 22:01:00,10616,584,42.27786222,-83.69888458,0.0,12.42507176,0.0,0.0,0.0,200,177,401
2014-06-28 22:02:00,10616,584,42.28544352,-83.70204783,0.0,19.28738095,0.0,0.0,0.0,201,185,398
2014-06-28 22:03:00,10616,584,42.29354512,-83.70480566,0.0,12.76797568,0.0,0.0,0.0,201,193,395
2014-06-28 22:04:00,10616,584,42.29929204,-83.7044145,0.0,13.36748061,0.0,0.0,0.0,201,199,396
2014-06-28 22:06:00,10616,584,42.30256834,-83.70543154,0.0,7.358142836,0.0,0.0,0.0,201,202,395
2014-06-28 22:07:00,10616,584,42.30387701,-83.70742003,0.0,5.932851349,0.0,0.0,0.0,201,203,393
2014-06-28 22:08:00,10616,584,42.304392,-83.70792093,0.0,2.560963855,0.0,0.0,0.0,202,204,392
2014-06-28 22:19:00,10616,585,42.30362563,-83.70775778,0.0,4.551896534,0.0,0.0,0.0,204,203,392
2014-06-28 22:20:00,10616,585,42.30274922,-83.70733534,0.0,2.0,0.0,0.0,0.0,204,202,393
2014-06-28 22:21:00,10616,585,42.30253108,-83.70569677,0.0,7.504662577,0.0,0.0,0.0,205,202,394
2014-06-28 22:22:00,10616,585,42.29879044,-83.70468428,0.0,13.89321798,0.0,0.0,0.0,205,198,395
2014-06-28 22:23:00,10616,585,42.29010533,-83.70439196,0.0,19.43103679,0.0,0.0,0.0,205,189,396
2014-06-28 22:24:00,10616,585,42.28072448,-83.70009441,0.0,14.69912727,0.0,0.0,0.0,205,180,400
2014-06-28 22:25:00,10616,585,42.27776719,-83.69921409999999,0.0,2.995769231,0.0,0.0,0.0,205,177,401
2014-06-28 22:26:00,10616,585,42.27710507,-83.70117261,0.0,6.26210908,0.0,0.0,0.0,206,177,399
2014-06-28 22:27:00,10616,585,42.27483936,-83.70070697,0.0,6.826376268,0.0,0.0,0.0,206,174,399
2014-06-28 22:28:00,10616,585,42.27361094,-83.69594293,0.0,6.558758844,0.0,0.0,0.0,206,173,404
2014-06-28 22:29:00,10616,585,42.273128299999996,-83.69402158,0.0,1.55,0.0,0.0,0.0,206,173,406
2014-06-28 16:49:00,10618,1069,42.24057688,-83.71497419,0.0,9.126393238,0.0,0.0,0.0,130,140,385
2014-06-28 16:50:00,10618,1069,42.23921288,-83.71718561,0.0,9.312479313999999,0.0,0.0,0.0,130,139,383
2014-06-28 16:51:00,10618,1069,42.23562628,-83.71995068,0.0,14.49944443,0.0,0.0,0.0,131,135,380
2014-06-28 16:52:00,10618,1069,42.23014069,-83.71899342,0.0,10.22587936,0.0,0.0,0.0,131,130,381
2014-06-28 16:53:00,10618,1069,42.22999655,-83.71149961,0.0,14.69527675,0.0,0.0,0.0,131,130,389
2014-06-28 16:54:00,10618,1069,42.23026486,-83.70024036,0.0,16.53592334,0.0,0.0,0.0,131,130,400
2014-06-28 16:55:00,10618,1069,42.23050861,-83.68660408,0.0,18.41385214,0.0,0.0,0.0,131,130,413
2014-06-28 16:56:00,10618,1069,42.2271211,-83.68010931,0.0,16.77539791,0.0,0.0,0.0,131,127,420
2014-06-28 16:57:00,10618,1069,42.2177122,-83.67986640000001,0.0,16.88815685,0.0,0.0,0.0,132,117,420
2014-06-28 16:58:00,10618,1069,42.21065325,-83.68061574,0.0,11.38888489,0.0,0.0,0.0,132,110,419
2014-06-28 17:16:00,10618,1070,42.20920988,-83.68223429,0.0,3.144744526,0.0,0.0,0.0,135,109,418
2014-06-28 17:17:00,10618,1070,42.20845977,-83.68144213,0.0,4.856091954,0.0,0.0,0.0,135,108,419
2014-06-28 17:18:00,10618,1070,42.20866261,-83.68091693,0.0,1.880285714,0.0,0.0,0.0,135,108,419
2014-06-28 17:19:00,10618,1070,42.20864265,-83.68109584,0.0,1.28,0.0,0.0,0.0,135,108,419
2014-06-28 17:20:00,10618,1070,42.20829585,-83.68139838,0.0,2.61035,0.0,0.0,0.0,136,108,419
2014-06-28 17:21:00,10618,1070,42.20738586,-83.68199216,0.0,7.506263692,0.0,0.0,0.0,136,107,418
2014-06-28 17:22:00,10618,1070,42.2054001,-83.6861542,0.0,13.33697297,0.0,0.0,0.0,136,105,414
2014-06-28 17:23:00,10618,1070,42.20159082,-83.69451206,0.0,15.507192300000002,0.0,0.0,0.0,136,101,405
2014-06-28 17:24:00,10618,1070,42.20226729,-83.69903778,0.0,15.08656387,0.0,0.0,0.0,136,102,401
2014-06-28 17:25:00,10618,1070,42.21137486,-83.69936259,0.0,19.4511588,0.0,0.0,0.0,136,111,401
2014-06-28 17:26:00,10618,1070,42.22268855,-83.69963384,0.0,21.39072398,0.0,0.0,0.0,137,122,400
2014-06-28 17:27:00,10618,1070,42.2295546,-83.69968969,0.0,11.852040800000001,0.0,0.0,0.0,137,129,400
2014-06-28 17:28:00,10618,1070,42.23034427,-83.70126993,0.0,12.16704081,0.0,0.0,0.0,137,130,399
2014-06-28 17:29:00,10618,1070,42.23014296,-83.70903269,0.0,15.0357619,0.0,0.0,0.0,137,130,391
2014-06-28 17:30:00,10618,1070,42.2299412,-83.71567627,0.0,11.95341611,0.0,0.0,0.0,137,130,384
2014-06-28 17:31:00,10618,1070,42.22974398,-83.72425255,0.0,15.79677083,0.0,0.0,0.0,138,129,376
2014-06-28 17:32:00,10618,1070,42.23055845,-83.73315199,0.0,10.61329586,0.0,0.0,0.0,138,130,367
2014-06-28 17:33:00,10618,1070,42.23214599,-83.73761888,0.0,5.908142033,0.0,0.0,0.0,138,132,362
2014-06-28 17:34:00,10618,1070,42.23480953,-83.73806744,0.0,14.93038326,0.0,0.0,0.0,138,134,362
2014-06-28 17:35:00,10618,1070,42.23725233,-83.72220742,0.0,31.19634981,0.0,0.0,0.0,138,137,378
2014-06-28 17:36:00,10618,1070,42.23279574,-83.70115047,0.0,31.18839216,0.0,0.0,0.0,139,132,399
2014-06-28 17:37:00,10618,1070,42.22548192,-83.68109386,0.0,32.81825455,0.0,0.0,0.0,139,125,419
2014-06-28 17:38:00,10618,1070,42.22431234,-83.65700561,0.0,32.88333333,0.0,0.0,0.0,139,124,443
2014-06-28 17:39:00,10618,1070,42.22524485,-83.63328692,0.0,32.84291946,0.0,0.0,0.0,139,125,467
2014-06-28 17:40:00,10618,1070,42.2300256,-83.61040583,0.0,32.86006969,0.0,0.0,0.0,139,130,490
2014-06-28 17:41:00,10618,1070,42.23125866,-83.58668579,0.0,32.849000000000004,0.0,0.0,0.0,140,131,513
2014-06-28 17:42:00,10618,1070,42.22391842,-83.56777355,0.0,29.0351505,0.0,0.0,0.0,140,124,532
2014-06-28 17:43:00,10618,1070,42.21749332,-83.55169485,0.0,22.06695501,0.0,0.0,0.0,140,117,548
2014-06-28 17:44:00,10618,1070,42.21549283,-83.54446825,0.0,7.037981628,0.0,0.0,0.0,140,115,556
2014-06-28 17:45:00,10618,1070,42.21450522,-83.54450804,0.0,1.28,0.0,0.0,0.0,141,114,555
2014-06-28 17:47:00,10618,1070,42.21438018,-83.54445394,0.0,1.766545455,0.0,0.0,0.0,141,114,556
2014-06-28 17:49:00,10618,1070,42.21437225,-83.54403585,0.0,3.029642857,0.0,0.0,0.0,142,114,556
2014-06-28 17:50:00,10618,1070,42.21383516,-83.54486688,0.0,10.36023952,0.0,0.0,0.0,142,113,555
2014-06-28 17:51:00,10618,1070,42.21376379,-83.55418462,0.0,18.1222695,0.0,0.0,0.0,142,113,546
2014-06-28 17:52:00,10618,1070,42.21508889,-83.56349223,0.0,10.13962262,0.0,0.0,0.0,142,115,537
2014-06-28 17:53:00,10618,1070,42.21439694,-83.56615254,0.0,5.21837963,0.0,0.0,0.0,143,114,534
2014-06-28 17:54:00,10618,1070,42.21411701,-83.56827882,0.0,5.02626664,0.0,0.0,0.0,143,114,532
2014-06-28 03:45:00,10620,1549,42.23286949,-83.62740645,0.0,5.312162162,0.0,0.0,0.0,21,132,473
2014-06-28 03:46:00,10620,1549,42.23531233,-83.627643,0.0,9.426305937,0.0,0.0,0.0,21,135,472
2014-06-28 03:47:00,10620,1549,42.23307943,-83.63434106,0.0,16.7266,0.0,0.0,0.0,21,133,466
2014-06-28 03:48:00,10620,1549,42.23069741,-83.64231611,0.0,12.019728500000001,0.0,0.0,0.0,22,130,458
2014-06-28 03:49:00,10620,1549,42.23053017,-83.65134766,0.0,16.92547619,0.0,0.0,0.0,22,130,449
2014-06-28 03:50:00,10620,1549,42.23225634,-83.66027346,0.0,14.67771042,0.0,0.0,0.0,22,132,440
2014-06-28 03:51:00,10620,1549,42.24051842,-83.66084299,0.0,15.99347973,0.0,0.0,0.0,22,140,439
2014-06-28 03:52:00,10620,1549,42.24867173,-83.66093183,0.0,13.80956522,0.0,0.0,0.0,22,148,439
2014-06-28 03:53:00,10620,1549,42.25629821,-83.66114161,0.0,13.57080266,0.0,0.0,0.0,22,156,439
2014-06-28 03:54:00,10620,1549,42.26327341,-83.66159726,0.0,18.11294521,0.0,0.0,0.0,23,163,438
2014-06-28 03:55:00,10620,1549,42.27044977,-83.66976236,0.0,19.88966216,0.0,0.0,0.0,23,170,430
2014-06-28 03:56:00,10620,1549,42.28011331,-83.67136554,0.0,17.49261324,0.0,0.0,0.0,23,180,429
2014-06-28 03:57:00,10620,1549,42.29022208,-83.6705082,0.0,19.30179054,0.0,0.0,0.0,23,190,429
2014-06-28 03:58:00,10620,1549,42.30024273,-83.66593393,0.0,19.83705686,0.0,0.0,0.0,23,200,434
2014-06-28 03:59:00,10620,1549,42.30879263,-83.66200324,0.0,16.79561644,0.0,0.0,0.0,23,208,438
2014-06-28 04:00:00,10620,1549,42.31196119,-83.66421515,0.0,15.26554346,0.0,0.0,0.0,23,211,436
2014-06-28 04:01:00,10620,1549,42.31058864,-83.67356045,0.054393305,15.99485356,0.0,0.0,0.0,23,210,426
2014-06-28 04:02:00,10620,1549,42.30791996,-83.68264003,0.0,17.33796666,0.0,0.0,0.0,24,207,417
2014-06-28 04:03:00,10620,1549,42.30624111,-83.69211622,0.0,12.68362006,0.0,0.0,0.0,24,206,408
2014-06-28 04:04:00,10620,1549,42.31167045,-83.69213661,0.0,10.33899997,0.0,0.0,0.0,24,211,408
2014-06-28 04:05:00,10620,1549,42.31212155,-83.69024805,0.0,3.317142857,0.0,0.0,0.0,24,211,410
2014-06-28 12:46:00,10620,1550,42.31275414,-83.69269418,0.0,2.2625,0.0,0.0,0.0,102,212,407
2014-06-28 12:47:00,10620,1550,42.30974344,-83.69283207,0.0,14.80509881,0.0,0.0,0.0,102,209,407
2014-06-28 12:48:00,10620,1550,42.30537066,-83.69296134,0.0,8.38922074,0.0,0.0,0.0,102,205,407
2014-06-28 12:49:00,10620,1550,42.30693778,-83.68576371,0.0,20.56389831,0.0,0.0,0.0,102,206,414
2014-06-28 12:50:00,10620,1550,42.31012056,-83.67452481,0.0,16.92188191,0.0,0.0,0.0,103,209,425
2014-06-28 12:51:00,10620,1550,42.31074745,-83.66286901,0.0,18.57976351,0.0,0.0,0.0,103,210,437
2014-06-28 12:52:00,10620,1550,42.30147158,-83.66537742,0.0,21.70543624,0.0,0.0,0.0,103,201,435
2014-06-28 12:53:00,10620,1550,42.29058086,-83.67041812,0.0,20.90756667,0.0,0.0,0.0,103,190,430
2014-06-28 12:54:00,10620,1550,42.27952533,-83.67141023,0.0,19.27165517,0.0,0.0,0.0,103,179,429
2014-06-28 12:55:00,10620,1550,42.27445366,-83.66870127,0.0,14.94698492,0.0,0.0,0.0,103,174,431
2014-06-28 12:56:00,10620,1550,42.27760665,-83.65880879,0.0,19.07270903,0.0,0.0,0.0,103,177,441
2014-06-28 12:57:00,10620,1550,42.278704499999996,-83.64480938,0.0,20.23656667,0.0,0.0,0.0,103,178,455
2014-06-28 12:58:00,10620,1550,42.27255076,-83.63767503,0.0,17.0287,0.0,0.0,0.0,103,172,462
2014-06-28 12:59:00,10620,1550,42.26326537,-83.63801487,0.0,17.0478,0.0,0.0,0.0,103,163,462
2014-06-28 13:00:00,10620,1550,42.25757846,-83.63799371,0.0,11.60837497,0.0,0.0,0.0,104,157,462
2014-06-28 13:01:00,10620,1550,42.25449289,-83.63431877,0.0,11.43363331,0.0,0.0,0.0,104,154,466
2014-06-28 13:02:00,10620,1550,42.25207261,-83.63624027,0.0,8.949174303,0.0,0.0,0.0,104,152,464
2014-06-28 13:07:00,10620,1551,42.25643069,-83.63399653,0.0,3.3384615380000002,0.0,0.0,0.0,104,156,466
2014-06-28 13:08:00,10620,1551,42.25757331,-83.63687027,0.0,13.74321735,0.0,0.0,0.0,104,157,463
2014-06-28 13:09:00,10620,1551,42.26404459,-83.63784696,0.0,16.78513333,0.0,0.0,0.0,104,163,462
2014-06-28 13:10:00,10620,1551,42.27321457,-83.63761228,0.0,16.66716667,0.0,0.0,0.0,105,173,462
2014-06-28 13:11:00,10620,1551,42.27882878,-83.64466546,0.0,17.706,0.0,0.0,0.0,105,178,455
2014-06-28 13:12:00,10620,1551,42.27791052,-83.65762912,0.0,18.7377,0.0,0.0,0.0,105,177,442
2014-06-28 13:13:00,10620,1551,42.27487632,-83.66884757,0.0,15.57749129,0.0,0.0,0.0,105,174,431
2014-06-28 13:14:00,10620,1551,42.28169092,-83.67138004,0.0,18.49086667,0.0,0.0,0.0,105,181,429
2014-06-28 13:15:00,10620,1551,42.29161129,-83.67006312,0.0,19.01846667,0.0,0.0,0.0,105,191,430
2014-06-28 13:16:00,10620,1551,42.30173435,-83.66514906,0.0,20.58826087,0.0,0.0,0.0,105,201,435
2014-06-28 13:17:00,10620,1551,42.31079726,-83.66285234,0.0,17.3161,0.0,0.0,0.0,105,210,437
2014-06-28 13:18:00,10620,1551,42.31031339,-83.67436909,0.0,20.48133333,0.0,0.0,0.0,105,210,426
2014-06-28 13:19:00,10620,1551,42.30641322,-83.68805243,0.0,19.90163333,0.0,0.0,0.0,106,206,412
2014-06-28 13:20:00,10620,1551,42.30314829,-83.70152747,0.0,19.31763333,0.0,0.0,0.0,106,202,398
2014-06-28 13:21:00,10620,1551,42.30368873,-83.71286711,0.0,15.5041,0.0,0.0,0.0,106,203,387
2014-06-28 13:22:00,10620,1551,42.3068526,-83.71156221,0.0,13.21204697,0.0,0.0,0.0,106,206,388
2014-06-28 13:23:00,10620,1551,42.308306200000004,-83.70756176,0.0,13.5825,0.0,0.0,0.0,106,208,392
2014-06-28 13:24:00,10620,1551,42.31554535,-83.70704025,0.0,13.49363332,0.0,0.0,0.0,106,215,393
2014-06-28 13:25:00,10620,1551,42.31696746,-83.69844758,0.0,15.49109998,0.0,0.0,0.0,106,216,402
2014-06-28 13:26:00,10620,1551,42.31640696,-83.69128516,0.0,9.23033328,0.0,0.0,0.0,106,216,409
2014-06-28 13:27:00,10620,1551,42.31294107,-83.69020088,0.0,6.782809297999999,0.0,0.0,0.0,106,212,410
2014-06-28 13:28:00,10620,1551,42.31217524,-83.69019140000002,0.0,1.4880000000000002,0.0,0.0,0.0,106,211,410
2014-06-28 21:42:00,10620,1552,42.3081178,-83.69266353,0.0,15.021340200000001,0.0,0.0,0.0,196,207,407
2014-06-28 21:43:00,10620,1552,42.30652671,-83.68740289,0.030201342000000003,15.60614093,0.0,0.0,0.0,197,206,413
2014-06-28 21:44:00,10620,1552,42.30988816,-83.67554514,0.24163568800000002,20.3560223,0.0,0.0,0.0,197,209,424
2014-06-28 21:45:00,10620,1552,42.31034508,-83.66295417,0.0,20.11494982,0.0,0.0,0.0,197,210,437
2014-06-28 21:46:00,10620,1552,42.30090714,-83.66570204,0.0,20.736027399999998,0.0,0.0,0.0,197,200,434
2014-06-28 21:47:00,10620,1552,42.29015912,-83.67055469,0.0,20.9737931,0.0,0.0,0.0,198,190,429
2014-06-28 21:48:00,10620,1552,42.27920996,-83.67147272,0.0,19.34472727,0.0,0.0,0.0,198,179,429
2014-06-28 21:50:00,10620,1552,42.27517631,-83.66655662,0.0,17.17772387,0.0,0.0,0.0,198,175,433
2014-06-28 21:51:00,10620,1552,42.27854674,-83.65371248,0.0,19.5962807,0.0,0.0,0.0,199,178,446
2014-06-28 21:52:00,10620,1552,42.27744685,-83.64053448,0.0,17.80130137,0.0,0.0,0.0,199,177,459
2014-06-28 21:53:00,10620,1552,42.26907188,-83.6375704,0.0,19.50135593,0.0,0.0,0.0,199,169,462
2014-06-28 21:54:00,10620,1552,42.25942157,-83.63799920000001,0.0,16.77925424,0.0,0.0,0.0,199,159,462
2014-06-28 21:55:00,10620,1552,42.25462889,-83.63426793,0.0,10.43315589,0.0,0.0,0.0,200,154,466
2014-06-28 21:56:00,10620,1552,42.2521494,-83.63603511,0.0,9.558454518,0.0,0.0,0.0,200,152,464
2014-06-28 22:16:00,10620,1553,42.24815912,-83.63713613,0.0,6.781076854,0.0,0.0,0.0,203,148,463
2014-06-28 22:17:00,10620,1553,42.24563001,-83.63729224,0.0,12.47160426,0.0,0.0,0.0,204,145,463
2014-06-28 22:18:00,10620,1553,42.24045059,-83.63601498,0.0,11.39906664,0.0,0.0,0.0,204,140,464
2014-06-28 22:19:00,10620,1553,42.23507385,-83.63357201,0.0,11.95456989,0.0,0.0,0.0,204,135,466
2014-06-28 22:20:00,10620,1553,42.23507477,-83.62889194,0.0,14.09673332,0.0,0.0,0.0,204,135,471
2014-06-28 22:21:00,10620,1553,42.23137547,-83.62741464,0.0,10.08079067,0.0,0.0,0.0,205,131,473
2014-06-28 22:22:00,10620,1553,42.22944962,-83.62855033,0.0,7.456235271000001,0.0,0.0,0.0,205,129,471
2014-06-28 22:23:00,10620,1553,42.2296444,-83.62854294,0.0,4.90106383,0.0,0.0,0.0,205,129,471
2014-06-28 22:24:00,10620,1553,42.22954897,-83.62809501,0.0,6.511672687000001,0.0,0.0,0.0,205,129,472
2014-06-28 22:25:00,10620,1553,42.23360161,-83.62740995,0.0,10.56244964,0.0,0.0,0.0,205,133,473
2014-06-28 22:26:00,10620,1553,42.23545585,-83.62970699,0.0,11.1459751,0.0,0.0,0.0,206,135,470
2014-06-28 22:27:00,10620,1553,42.23195924,-83.63648446,0.0,12.87190265,0.0,0.0,0.0,206,132,464
2014-06-28 22:28:00,10620,1553,42.23066236,-83.64192722,0.0,9.713738313,0.0,0.0,0.0,206,130,458
2014-06-28 22:29:00,10620,1553,42.23060977,-83.64691142,0.0,10.27713592,0.0,0.0,0.0,206,130,453
2014-06-28 22:30:00,10620,1553,42.23042451,-83.65445328,0.0,14.93652173,0.0,0.0,0.0,206,130,446
2014-06-28 22:31:00,10620,1553,42.23036041,-83.66348482,0.0,13.11657794,0.0,0.0,0.0,206,130,437
2014-06-28 22:32:00,10620,1553,42.23068345,-83.67420129,0.0,14.69104376,0.0,0.0,0.0,207,130,426
2014-06-28 22:33:00,10620,1553,42.23319174,-83.67998521,0.0,11.41847972,0.0,0.0,0.0,207,133,420
2014-06-28 22:34:00,10620,1553,42.23884014,-83.6802671,0.0,11.30600804,0.0,0.0,0.0,207,138,420
2014-06-28 22:35:00,10620,1553,42.24183712,-83.68094162,0.0,4.585588235,0.0,0.0,0.0,207,141,419
2014-06-28 22:36:00,10620,1553,42.24229063,-83.68163902,0.0,3.88531746,0.0,0.0,0.0,207,142,418
2014-06-28 22:49:00,10620,1554,42.24216336,-83.68157457,0.0,5.385547431,0.0,0.0,0.0,210,142,418
2014-06-28 22:50:00,10620,1554,42.2399099,-83.6805031,0.0,11.89490494,0.0,0.0,0.0,210,139,419
2014-06-28 22:51:00,10620,1554,42.23375171,-83.68023329,0.0,15.35381443,0.0,0.0,0.0,211,133,420
2014-06-28 22:52:00,10620,1554,42.23082646,-83.67892166,0.0,13.755950400000001,0.0,0.0,0.0,211,130,421
2014-06-28 22:53:00,10620,1554,42.23036139,-83.66770608,0.0,20.55422925,0.0,0.0,0.0,211,130,432
2014-06-28 22:54:00,10620,1554,42.23030413,-83.65514309,0.0,20.01670833,0.0,0.0,0.0,211,130,445
2014-06-28 22:55:00,10620,1554,42.23054467,-83.64545344,0.0,13.96484373,0.0,0.0,0.0,211,130,455
2014-06-28 22:56:00,10620,1554,42.23064208,-83.64091141,0.0,11.15942856,0.0,0.0,0.0,212,130,459
2014-06-28 22:57:00,10620,1554,42.23298527,-83.6342872,0.0,13.49267241,0.0,0.0,0.0,212,133,466
2014-06-28 22:58:00,10620,1554,42.23508018,-83.62824569,0.0,12.26517478,0.0,0.0,0.0,212,135,472
2014-06-28 22:59:00,10620,1554,42.23131292,-83.62742922,0.0,8.849336455,0.0,0.0,0.0,212,131,473
2014-06-28 23:00:00,10620,1554,42.22939997,-83.62849446,0.0,5.670717665,0.0,0.0,0.0,212,129,472
2014-06-28 23:01:00,10620,1554,42.229627799999996,-83.62835748,0.0,1.0825,0.0,0.0,0.0,212,129,472
